[2026-03-03 21:49:41] === Start wait-and-run pipeline ===
[2026-03-03 21:49:41] Log file: R:\code\EXTRACT-public\1pMCRI-production\logs\wait_and_run_cascadetorch_20260303_214941.log
[2026-03-03 21:49:41] Expected output: R:\code\EXTRACT-public\1pMCRI-production\output_250810-Ras2-GC#78_reg.mat
[2026-03-03 21:49:41] Conda env: CascadeTorch
[2026-03-03 21:49:41] Waiting for file: R:\code\EXTRACT-public\1pMCRI-production\output_250810-Ras2-GC#78_reg.mat
[2026-03-03 21:49:41] Condition: unchanged for 300 seconds
[2026-03-03 21:49:41] File not found yet.
[2026-03-03 21:49:51] File not found yet.
[2026-03-03 21:50:01] File not found yet.
[2026-03-03 21:50:11] File not found yet.
[2026-03-03 21:50:21] File not found yet.
[2026-03-03 21:50:31] File not found yet.
[2026-03-03 21:50:41] File not found yet.
[2026-03-03 21:50:51] File not found yet.
[2026-03-03 21:51:01] File not found yet.
[2026-03-03 21:51:11] File not found yet.
[2026-03-03 21:51:21] File not found yet.
[2026-03-03 21:51:31] File not found yet.
[2026-03-03 21:51:41] File not found yet.
[2026-03-03 21:51:51] File not found yet.
[2026-03-03 21:52:01] File not found yet.
[2026-03-03 21:52:11] File not found yet.
[2026-03-03 21:52:21] File not found yet.
[2026-03-03 21:52:31] File not found yet.
[2026-03-03 21:52:41] File not found yet.
[2026-03-03 21:52:51] File not found yet.
[2026-03-03 21:53:01] File not found yet.
[2026-03-03 21:53:11] File not found yet.
[2026-03-03 21:53:21] File not found yet.
[2026-03-03 21:53:31] File not found yet.
[2026-03-03 21:53:41] File not found yet.
[2026-03-03 21:53:51] File not found yet.
[2026-03-03 21:54:01] File not found yet.
[2026-03-03 21:54:11] File not found yet.
[2026-03-03 21:54:21] File not found yet.
[2026-03-03 21:54:31] File not found yet.
[2026-03-03 21:54:41] File not found yet.
[2026-03-03 21:54:51] File not found yet.
[2026-03-03 21:55:01] File not found yet.
[2026-03-03 21:55:11] File not found yet.
[2026-03-03 21:55:21] File not found yet.
[2026-03-03 21:55:31] File not found yet.
[2026-03-03 21:55:42] File not found yet.
[2026-03-03 21:55:52] File not found yet.
[2026-03-03 21:56:02] File not found yet.
[2026-03-03 21:56:12] File not found yet.
[2026-03-03 21:56:22] File not found yet.
[2026-03-03 21:56:32] File not found yet.
[2026-03-03 21:56:42] File not found yet.
[2026-03-03 21:56:52] File not found yet.
[2026-03-03 21:57:02] File not found yet.
[2026-03-03 21:57:12] File not found yet.
[2026-03-03 21:57:22] File not found yet.
[2026-03-03 21:57:32] File not found yet.
[2026-03-03 21:57:42] File not found yet.
[2026-03-03 21:57:52] File not found yet.
[2026-03-03 21:58:02] File not found yet.
[2026-03-03 21:58:12] File not found yet.
[2026-03-03 21:58:22] File not found yet.
[2026-03-03 21:58:32] File not found yet.
[2026-03-03 21:58:42] File not found yet.
[2026-03-03 21:58:52] File not found yet.
[2026-03-03 21:59:02] File not found yet.
[2026-03-03 21:59:12] File not found yet.
[2026-03-03 21:59:22] File not found yet.
[2026-03-03 21:59:32] File not found yet.
[2026-03-03 21:59:42] File not found yet.
[2026-03-03 21:59:52] File not found yet.
[2026-03-03 22:00:02] File not found yet.
[2026-03-03 22:00:12] File not found yet.
[2026-03-03 22:00:22] File not found yet.
[2026-03-03 22:00:32] File not found yet.
[2026-03-03 22:00:42] File not found yet.
[2026-03-03 22:00:52] File not found yet.
[2026-03-03 22:01:02] File not found yet.
[2026-03-03 22:01:12] File not found yet.
[2026-03-03 22:01:22] File not found yet.
[2026-03-03 22:01:32] File not found yet.
[2026-03-03 22:01:42] File not found yet.
[2026-03-03 22:01:52] File not found yet.
[2026-03-03 22:02:02] File not found yet.
[2026-03-03 22:02:12] File not found yet.
[2026-03-03 22:02:22] File not found yet.
[2026-03-03 22:02:32] File not found yet.
[2026-03-03 22:02:42] File not found yet.
[2026-03-03 22:02:52] File not found yet.
[2026-03-03 22:03:02] File not found yet.
[2026-03-03 22:03:12] File not found yet.
[2026-03-03 22:03:22] File not found yet.
[2026-03-03 22:03:32] File not found yet.
[2026-03-03 22:03:42] File not found yet.
[2026-03-03 22:03:52] File not found yet.
[2026-03-03 22:04:02] File not found yet.
[2026-03-03 22:04:12] File not found yet.
[2026-03-03 22:04:22] File not found yet.
[2026-03-03 22:04:32] File not found yet.
[2026-03-03 22:04:42] File not found yet.
[2026-03-03 22:04:52] File not found yet.
[2026-03-03 22:05:02] File not found yet.
[2026-03-03 22:05:12] File not found yet.
[2026-03-03 22:05:22] File not found yet.
[2026-03-03 22:05:32] File not found yet.
[2026-03-03 22:05:42] File not found yet.
[2026-03-03 22:05:52] File not found yet.
[2026-03-03 22:06:02] File not found yet.
[2026-03-03 22:06:12] File not found yet.
[2026-03-03 22:06:22] File not found yet.
[2026-03-03 22:06:32] File not found yet.
[2026-03-03 22:06:43] File not found yet.
[2026-03-03 22:06:53] File not found yet.
[2026-03-03 22:07:03] File not found yet.
[2026-03-03 22:07:13] File not found yet.
[2026-03-03 22:07:23] File not found yet.
[2026-03-03 22:07:33] File not found yet.
[2026-03-03 22:07:43] File not found yet.
[2026-03-03 22:07:53] File not found yet.
[2026-03-03 22:08:03] File not found yet.
[2026-03-03 22:08:13] File not found yet.
[2026-03-03 22:08:23] File not found yet.
[2026-03-03 22:08:33] File not found yet.
[2026-03-03 22:08:43] File not found yet.
[2026-03-03 22:08:53] File not found yet.
[2026-03-03 22:09:03] File not found yet.
[2026-03-03 22:09:13] File not found yet.
[2026-03-03 22:09:23] File not found yet.
[2026-03-03 22:09:33] File not found yet.
[2026-03-03 22:09:43] File not found yet.
[2026-03-03 22:09:53] File not found yet.
[2026-03-03 22:10:03] File not found yet.
[2026-03-03 22:10:13] File not found yet.
[2026-03-03 22:10:23] File not found yet.
[2026-03-03 22:10:33] File not found yet.
[2026-03-03 22:10:43] File not found yet.
[2026-03-03 22:10:53] File not found yet.
[2026-03-03 22:11:03] File not found yet.
[2026-03-03 22:11:13] File not found yet.
[2026-03-03 22:11:23] File not found yet.
[2026-03-03 22:11:33] File not found yet.
[2026-03-03 22:11:43] File not found yet.
[2026-03-03 22:11:53] File not found yet.
[2026-03-03 22:12:03] File not found yet.
[2026-03-03 22:12:13] File not found yet.
[2026-03-03 22:12:23] File not found yet.
[2026-03-03 22:12:33] File not found yet.
[2026-03-03 22:12:43] File not found yet.
[2026-03-03 22:12:53] File not found yet.
[2026-03-03 22:13:03] File not found yet.
[2026-03-03 22:13:13] File not found yet.
[2026-03-03 22:13:23] File not found yet.
[2026-03-03 22:13:33] File not found yet.
[2026-03-03 22:13:43] File not found yet.
[2026-03-03 22:13:53] File not found yet.
[2026-03-03 22:14:03] File not found yet.
[2026-03-03 22:14:18] File not found yet.
[2026-03-03 22:14:28] File not found yet.
[2026-03-03 22:14:38] File not found yet.
[2026-03-03 22:14:48] File not found yet.
[2026-03-03 22:14:58] File not found yet.
[2026-03-03 22:15:08] File not found yet.
[2026-03-03 22:15:18] File not found yet.
[2026-03-03 22:15:28] File not found yet.
[2026-03-03 22:15:38] File not found yet.
[2026-03-03 22:15:48] File not found yet.
[2026-03-03 22:15:58] File not found yet.
[2026-03-03 22:16:08] File not found yet.
[2026-03-03 22:16:18] File not found yet.
[2026-03-03 22:16:28] File not found yet.
[2026-03-03 22:16:38] File not found yet.
[2026-03-03 22:16:50] File not found yet.
[2026-03-03 22:17:00] File not found yet.
[2026-03-03 22:17:11] File not found yet.
[2026-03-03 22:17:21] File not found yet.
[2026-03-03 22:17:31] File not found yet.
[2026-03-03 22:17:41] File not found yet.
[2026-03-03 22:17:51] File not found yet.
[2026-03-03 22:18:01] File not found yet.
[2026-03-03 22:18:11] File not found yet.
[2026-03-03 22:18:21] File not found yet.
[2026-03-03 22:18:31] File not found yet.
[2026-03-03 22:18:41] File not found yet.
[2026-03-03 22:18:51] File not found yet.
[2026-03-03 22:19:01] File not found yet.
[2026-03-03 22:19:11] File not found yet.
[2026-03-03 22:19:21] File not found yet.
[2026-03-03 22:19:31] File not found yet.
[2026-03-03 22:19:41] File not found yet.
[2026-03-03 22:19:51] File not found yet.
[2026-03-03 22:20:01] File not found yet.
[2026-03-03 22:20:11] File not found yet.
[2026-03-03 22:20:21] File not found yet.
[2026-03-03 22:20:31] File not found yet.
[2026-03-03 22:20:41] File not found yet.
[2026-03-03 22:20:51] File not found yet.
[2026-03-03 22:21:01] File not found yet.
[2026-03-03 22:21:11] File not found yet.
[2026-03-03 22:21:21] File not found yet.
[2026-03-03 22:21:31] File not found yet.
[2026-03-03 22:21:41] File not found yet.
[2026-03-03 22:21:51] File not found yet.
[2026-03-03 22:22:01] File not found yet.
[2026-03-03 22:22:11] File not found yet.
[2026-03-03 22:22:21] File not found yet.
[2026-03-03 22:22:31] File not found yet.
[2026-03-03 22:22:41] File not found yet.
[2026-03-03 22:22:51] File not found yet.
[2026-03-03 22:23:01] File not found yet.
[2026-03-03 22:23:11] File not found yet.
[2026-03-03 22:23:21] File not found yet.
[2026-03-03 22:23:32] File not found yet.
[2026-03-03 22:23:42] File not found yet.
[2026-03-03 22:23:52] File not found yet.
[2026-03-03 22:24:02] File not found yet.
[2026-03-03 22:24:12] File not found yet.
[2026-03-03 22:24:22] File not found yet.
[2026-03-03 22:24:32] File not found yet.
[2026-03-03 22:24:42] File not found yet.
[2026-03-03 22:24:52] File not found yet.
[2026-03-03 22:25:02] File not found yet.
[2026-03-03 22:25:12] File not found yet.
[2026-03-03 22:25:22] File not found yet.
[2026-03-03 22:25:32] File not found yet.
[2026-03-03 22:25:42] File not found yet.
[2026-03-03 22:25:52] File not found yet.
[2026-03-03 22:26:02] File not found yet.
[2026-03-03 22:26:12] File not found yet.
[2026-03-03 22:26:22] File not found yet.
[2026-03-03 22:26:32] File not found yet.
[2026-03-03 22:26:42] File not found yet.
[2026-03-03 22:26:52] File not found yet.
[2026-03-03 22:27:02] File not found yet.
[2026-03-03 22:27:12] File not found yet.
[2026-03-03 22:27:22] File not found yet.
[2026-03-03 22:27:32] File not found yet.
[2026-03-03 22:27:45] File not found yet.
[2026-03-03 22:27:55] File not found yet.
[2026-03-03 22:28:05] File not found yet.
[2026-03-03 22:28:15] File not found yet.
[2026-03-03 22:28:25] File not found yet.
[2026-03-03 22:28:35] File not found yet.
[2026-03-03 22:28:45] File not found yet.
[2026-03-03 22:28:55] File not found yet.
[2026-03-03 22:29:05] File not found yet.
[2026-03-03 22:29:15] File not found yet.
[2026-03-03 22:29:25] File not found yet.
[2026-03-03 22:29:35] File not found yet.
[2026-03-03 22:29:45] File not found yet.
[2026-03-03 22:29:55] File not found yet.
[2026-03-03 22:30:05] File not found yet.
[2026-03-03 22:30:15] File not found yet.
[2026-03-03 22:30:25] File not found yet.
[2026-03-03 22:30:35] File not found yet.
[2026-03-03 22:30:45] File not found yet.
[2026-03-03 22:30:55] File not found yet.
[2026-03-03 22:31:05] File not found yet.
[2026-03-03 22:31:15] File not found yet.
[2026-03-03 22:31:25] File not found yet.
[2026-03-03 22:31:35] File not found yet.
[2026-03-03 22:31:45] File not found yet.
[2026-03-03 22:31:55] File not found yet.
[2026-03-03 22:32:05] File not found yet.
[2026-03-03 22:32:15] File not found yet.
[2026-03-03 22:32:25] File not found yet.
[2026-03-03 22:32:35] File not found yet.
[2026-03-03 22:32:45] File not found yet.
[2026-03-03 22:32:55] File not found yet.
[2026-03-03 22:33:05] File not found yet.
[2026-03-03 22:33:15] File not found yet.
[2026-03-03 22:33:25] File not found yet.
[2026-03-03 22:33:35] File not found yet.
[2026-03-03 22:33:45] File not found yet.
[2026-03-03 22:33:55] File not found yet.
[2026-03-03 22:34:05] File not found yet.
[2026-03-03 22:34:15] File not found yet.
[2026-03-03 22:34:25] File not found yet.
[2026-03-03 22:34:35] File not found yet.
[2026-03-03 22:34:45] File not found yet.
[2026-03-03 22:34:55] File not found yet.
[2026-03-03 22:35:05] File not found yet.
[2026-03-03 22:35:15] File not found yet.
[2026-03-03 22:35:25] File not found yet.
[2026-03-03 22:35:35] File not found yet.
[2026-03-03 22:35:45] File not found yet.
[2026-03-03 22:35:55] File not found yet.
[2026-03-03 22:36:05] File not found yet.
[2026-03-03 22:36:15] File not found yet.
[2026-03-03 22:36:25] File not found yet.
[2026-03-03 22:36:35] File not found yet.
[2026-03-03 22:36:45] File not found yet.
[2026-03-03 22:36:56] File not found yet.
[2026-03-03 22:37:06] File not found yet.
[2026-03-03 22:37:16] File not found yet.
[2026-03-03 22:37:26] File not found yet.
[2026-03-03 22:37:36] File not found yet.
[2026-03-03 22:37:46] File not found yet.
[2026-03-03 22:37:56] File not found yet.
[2026-03-03 22:38:06] File not found yet.
[2026-03-03 22:38:16] File not found yet.
[2026-03-03 22:38:26] File not found yet.
[2026-03-03 22:38:36] File not found yet.
[2026-03-03 22:38:46] File not found yet.
[2026-03-03 22:38:56] File not found yet.
[2026-03-03 22:39:06] File not found yet.
[2026-03-03 22:39:16] File not found yet.
[2026-03-03 22:39:26] File not found yet.
[2026-03-03 22:39:36] File not found yet.
[2026-03-03 22:39:46] File not found yet.
[2026-03-03 22:39:56] File not found yet.
[2026-03-03 22:40:06] File not found yet.
[2026-03-03 22:40:16] File not found yet.
[2026-03-03 22:40:26] File not found yet.
[2026-03-03 22:40:36] File not found yet.
[2026-03-03 22:40:46] File not found yet.
[2026-03-03 22:40:56] File not found yet.
[2026-03-03 22:41:06] File not found yet.
[2026-03-03 22:41:16] File not found yet.
[2026-03-03 22:41:26] File not found yet.
[2026-03-03 22:41:36] File not found yet.
[2026-03-03 22:41:46] File not found yet.
[2026-03-03 22:41:56] File not found yet.
[2026-03-03 22:42:06] File not found yet.
[2026-03-03 22:42:16] File not found yet.
[2026-03-03 22:42:26] File not found yet.
[2026-03-03 22:42:36] File not found yet.
[2026-03-03 22:42:46] File not found yet.
[2026-03-03 22:42:56] File not found yet.
[2026-03-03 22:43:06] File not found yet.
[2026-03-03 22:43:16] File not found yet.
[2026-03-03 22:43:26] File not found yet.
[2026-03-03 22:43:36] File not found yet.
[2026-03-03 22:43:46] File not found yet.
[2026-03-03 22:43:56] File not found yet.
[2026-03-03 22:44:06] File not found yet.
[2026-03-03 22:44:16] File not found yet.
[2026-03-03 22:44:26] File not found yet.
[2026-03-03 22:44:36] File not found yet.
[2026-03-03 22:44:46] File not found yet.
[2026-03-03 22:44:56] File not found yet.
[2026-03-03 22:45:06] File not found yet.
[2026-03-03 22:45:16] File not found yet.
[2026-03-03 22:45:26] File not found yet.
[2026-03-03 22:45:36] File not found yet.
[2026-03-03 22:45:46] File not found yet.
[2026-03-03 22:45:56] File not found yet.
[2026-03-03 22:46:06] File not found yet.
[2026-03-03 22:46:16] File not found yet.
[2026-03-03 22:46:26] File not found yet.
[2026-03-03 22:46:36] File not found yet.
[2026-03-03 22:46:46] File not found yet.
[2026-03-03 22:46:56] File not found yet.
[2026-03-03 22:47:06] File not found yet.
[2026-03-03 22:47:16] File not found yet.
[2026-03-03 22:47:26] File not found yet.
[2026-03-03 22:47:36] File not found yet.
[2026-03-03 22:47:46] File not found yet.
[2026-03-03 22:47:56] File not found yet.
[2026-03-03 22:48:06] File not found yet.
[2026-03-03 22:48:16] File not found yet.
[2026-03-03 22:48:30] File not found yet.
[2026-03-03 22:48:40] File not found yet.
[2026-03-03 22:48:50] File not found yet.
[2026-03-03 22:49:00] File not found yet.
[2026-03-03 22:49:10] File not found yet.
[2026-03-03 22:49:20] File not found yet.
[2026-03-03 22:49:30] File not found yet.
[2026-03-03 22:49:40] File not found yet.
[2026-03-03 22:49:50] File not found yet.
[2026-03-03 22:50:00] File not found yet.
[2026-03-03 22:50:10] File not found yet.
[2026-03-03 22:50:20] File not found yet.
[2026-03-03 22:50:30] File not found yet.
[2026-03-03 22:50:40] File not found yet.
[2026-03-03 22:50:50] File not found yet.
[2026-03-03 22:51:00] File not found yet.
[2026-03-03 22:51:10] File not found yet.
[2026-03-03 22:51:20] File not found yet.
[2026-03-03 22:51:30] File not found yet.
[2026-03-03 22:51:40] File not found yet.
[2026-03-03 22:51:50] File not found yet.
[2026-03-03 22:52:00] File not found yet.
[2026-03-03 22:52:10] File not found yet.
[2026-03-03 22:52:20] File not found yet.
[2026-03-03 22:52:30] File not found yet.
[2026-03-03 22:52:40] File not found yet.
[2026-03-03 22:52:50] File not found yet.
[2026-03-03 22:53:00] File not found yet.
[2026-03-03 22:53:11] File not found yet.
[2026-03-03 22:53:21] File not found yet.
[2026-03-03 22:53:31] File not found yet.
[2026-03-03 22:53:43] File not found yet.
[2026-03-03 22:53:55] File not found yet.
[2026-03-03 22:54:06] File not found yet.
[2026-03-03 22:54:17] File not found yet.
[2026-03-03 22:54:27] File not found yet.
[2026-03-03 22:54:37] File not found yet.
[2026-03-03 22:54:47] File not found yet.
[2026-03-03 22:54:57] File not found yet.
[2026-03-03 22:55:07] File not found yet.
[2026-03-03 22:55:17] File not found yet.
[2026-03-03 22:55:27] File not found yet.
[2026-03-03 22:55:37] File not found yet.
[2026-03-03 22:55:47] File not found yet.
[2026-03-03 22:55:57] File not found yet.
[2026-03-03 22:56:07] File not found yet.
[2026-03-03 22:56:17] File not found yet.
[2026-03-03 22:56:27] File not found yet.
[2026-03-03 22:56:37] File not found yet.
[2026-03-03 22:56:47] File not found yet.
[2026-03-03 22:56:57] File not found yet.
[2026-03-03 22:57:07] File not found yet.
[2026-03-03 22:57:17] File not found yet.
[2026-03-03 22:57:27] File not found yet.
[2026-03-03 22:57:37] File not found yet.
[2026-03-03 22:57:47] File not found yet.
[2026-03-03 22:57:57] File not found yet.
[2026-03-03 22:58:07] File not found yet.
[2026-03-03 22:58:17] File not found yet.
[2026-03-03 22:58:27] File not found yet.
[2026-03-03 22:58:37] File not found yet.
[2026-03-03 22:58:47] File not found yet.
[2026-03-03 22:58:57] File not found yet.
[2026-03-03 22:59:07] File not found yet.
[2026-03-03 22:59:17] File not found yet.
[2026-03-03 22:59:27] File not found yet.
[2026-03-03 22:59:37] File not found yet.
[2026-03-03 22:59:47] File not found yet.
[2026-03-03 22:59:57] File not found yet.
[2026-03-03 23:00:08] File not found yet.
[2026-03-03 23:00:18] File not found yet.
[2026-03-03 23:00:28] File not found yet.
[2026-03-03 23:00:38] File not found yet.
[2026-03-03 23:00:48] File not found yet.
[2026-03-03 23:00:58] File not found yet.
[2026-03-03 23:01:08] File not found yet.
[2026-03-03 23:01:18] File not found yet.
[2026-03-03 23:01:28] File not found yet.
[2026-03-03 23:01:38] File not found yet.
[2026-03-03 23:01:48] File not found yet.
[2026-03-03 23:01:58] File not found yet.
[2026-03-03 23:02:08] File not found yet.
[2026-03-03 23:02:18] File not found yet.
[2026-03-03 23:02:28] File not found yet.
[2026-03-03 23:02:38] File not found yet.
[2026-03-03 23:02:48] File not found yet.
[2026-03-03 23:02:58] File not found yet.
[2026-03-03 23:03:08] File not found yet.
[2026-03-03 23:03:18] File not found yet.
[2026-03-03 23:03:28] File not found yet.
[2026-03-03 23:03:38] File not found yet.
[2026-03-03 23:03:48] File not found yet.
[2026-03-03 23:03:58] File not found yet.
[2026-03-03 23:04:08] File not found yet.
[2026-03-03 23:04:18] File not found yet.
[2026-03-03 23:04:28] File not found yet.
[2026-03-03 23:04:38] File not found yet.
[2026-03-03 23:04:48] File not found yet.
[2026-03-03 23:04:58] File not found yet.
[2026-03-03 23:05:08] File not found yet.
[2026-03-03 23:05:18] File not found yet.
[2026-03-03 23:05:28] File not found yet.
[2026-03-03 23:05:38] File not found yet.
[2026-03-03 23:05:48] File not found yet.
[2026-03-03 23:05:58] File not found yet.
[2026-03-03 23:06:08] File not found yet.
[2026-03-03 23:06:18] File not found yet.
[2026-03-03 23:06:28] File not found yet.
[2026-03-03 23:06:38] File not found yet.
[2026-03-03 23:06:48] File not found yet.
[2026-03-03 23:06:58] File not found yet.
[2026-03-03 23:07:08] File not found yet.
[2026-03-03 23:07:18] File not found yet.
[2026-03-03 23:07:28] File not found yet.
[2026-03-03 23:07:38] File not found yet.
[2026-03-03 23:07:48] File not found yet.
[2026-03-03 23:07:58] File not found yet.
[2026-03-03 23:08:08] File not found yet.
[2026-03-03 23:08:18] File not found yet.
[2026-03-03 23:08:28] File not found yet.
[2026-03-03 23:08:38] File not found yet.
[2026-03-03 23:08:48] File not found yet.
[2026-03-03 23:08:58] File not found yet.
[2026-03-03 23:09:09] File not found yet.
[2026-03-03 23:09:19] File not found yet.
[2026-03-03 23:09:29] File not found yet.
[2026-03-03 23:09:39] File not found yet.
[2026-03-03 23:09:49] File not found yet.
[2026-03-03 23:09:59] File not found yet.
[2026-03-03 23:10:09] File not found yet.
[2026-03-03 23:10:19] File not found yet.
[2026-03-03 23:10:29] File not found yet.
[2026-03-03 23:10:39] File not found yet.
[2026-03-03 23:10:49] File not found yet.
[2026-03-03 23:10:59] File not found yet.
[2026-03-03 23:11:09] File not found yet.
[2026-03-03 23:11:19] File not found yet.
[2026-03-03 23:11:29] File not found yet.
[2026-03-03 23:11:39] File not found yet.
[2026-03-03 23:11:49] File not found yet.
[2026-03-03 23:11:59] File not found yet.
[2026-03-03 23:12:09] File not found yet.
[2026-03-03 23:12:19] File not found yet.
[2026-03-03 23:12:29] File not found yet.
[2026-03-03 23:12:39] File not found yet.
[2026-03-03 23:12:49] File not found yet.
[2026-03-03 23:12:59] File not found yet.
[2026-03-03 23:13:09] File not found yet.
[2026-03-03 23:13:19] File not found yet.
[2026-03-03 23:13:29] File not found yet.
[2026-03-03 23:13:39] File not found yet.
[2026-03-03 23:13:49] File not found yet.
[2026-03-03 23:13:59] File not found yet.
[2026-03-03 23:14:09] File not found yet.
[2026-03-03 23:14:19] File not found yet.
[2026-03-03 23:14:29] File not found yet.
[2026-03-03 23:14:39] File not found yet.
[2026-03-03 23:14:49] File not found yet.
[2026-03-03 23:14:59] File not found yet.
[2026-03-03 23:15:09] File not found yet.
[2026-03-03 23:15:19] File not found yet.
[2026-03-03 23:15:29] File not found yet.
[2026-03-03 23:15:39] File not found yet.
[2026-03-03 23:15:49] File not found yet.
[2026-03-03 23:15:59] File not found yet.
[2026-03-03 23:16:09] File not found yet.
[2026-03-03 23:16:19] File not found yet.
[2026-03-03 23:16:29] File not found yet.
[2026-03-03 23:16:39] File not found yet.
[2026-03-03 23:16:49] File not found yet.
[2026-03-03 23:16:59] File not found yet.
[2026-03-03 23:17:09] File not found yet.
[2026-03-03 23:17:19] File not found yet.
[2026-03-03 23:17:29] File not found yet.
[2026-03-03 23:17:39] File not found yet.
[2026-03-03 23:17:49] File not found yet.
[2026-03-03 23:17:59] File not found yet.
[2026-03-03 23:18:09] File not found yet.
[2026-03-03 23:18:19] File not found yet.
[2026-03-03 23:18:29] File not found yet.
[2026-03-03 23:18:39] File not found yet.
[2026-03-03 23:18:49] File not found yet.
[2026-03-03 23:18:59] File not found yet.
[2026-03-03 23:19:09] File not found yet.
[2026-03-03 23:19:19] File not found yet.
[2026-03-03 23:19:29] File not found yet.
[2026-03-03 23:19:39] File not found yet.
[2026-03-03 23:19:49] File not found yet.
[2026-03-03 23:19:59] File not found yet.
[2026-03-03 23:20:09] File not found yet.
[2026-03-03 23:20:19] File not found yet.
[2026-03-03 23:20:29] File not found yet.
[2026-03-03 23:20:40] File not found yet.
[2026-03-03 23:20:50] File not found yet.
[2026-03-03 23:21:00] File not found yet.
[2026-03-03 23:21:10] File not found yet.
[2026-03-03 23:21:20] File not found yet.
[2026-03-03 23:21:30] File not found yet.
[2026-03-03 23:21:40] File not found yet.
[2026-03-03 23:21:50] File not found yet.
[2026-03-03 23:22:00] File not found yet.
[2026-03-03 23:22:10] File not found yet.
[2026-03-03 23:22:20] File not found yet.
[2026-03-03 23:22:30] File not found yet.
[2026-03-03 23:22:40] File not found yet.
[2026-03-03 23:22:50] File not found yet.
[2026-03-03 23:23:00] File not found yet.
[2026-03-03 23:23:10] File not found yet.
[2026-03-03 23:23:20] File not found yet.
[2026-03-03 23:23:30] File not found yet.
[2026-03-03 23:23:40] File not found yet.
[2026-03-03 23:23:50] File not found yet.
[2026-03-03 23:24:00] File not found yet.
[2026-03-03 23:24:10] File not found yet.
[2026-03-03 23:24:21] File not found yet.
[2026-03-03 23:24:31] File not found yet.
[2026-03-03 23:24:41] File not found yet.
[2026-03-03 23:24:51] File not found yet.
[2026-03-03 23:25:01] File not found yet.
[2026-03-03 23:25:11] File not found yet.
[2026-03-03 23:25:21] File not found yet.
[2026-03-03 23:25:31] File not found yet.
[2026-03-03 23:25:41] File not found yet.
[2026-03-03 23:25:51] File not found yet.
[2026-03-03 23:26:01] File not found yet.
[2026-03-03 23:26:11] File not found yet.
[2026-03-03 23:26:21] File not found yet.
[2026-03-03 23:26:31] File not found yet.
[2026-03-03 23:26:41] File not found yet.
[2026-03-03 23:26:51] File not found yet.
[2026-03-03 23:27:01] File not found yet.
[2026-03-03 23:27:11] File not found yet.
[2026-03-03 23:27:21] File not found yet.
[2026-03-03 23:27:31] File not found yet.
[2026-03-03 23:27:41] File not found yet.
[2026-03-03 23:27:51] File not found yet.
[2026-03-03 23:28:01] File not found yet.
[2026-03-03 23:28:11] File not found yet.
[2026-03-03 23:28:21] File not found yet.
[2026-03-03 23:28:31] File not found yet.
[2026-03-03 23:28:41] File not found yet.
[2026-03-03 23:28:51] File not found yet.
[2026-03-03 23:29:01] File not found yet.
[2026-03-03 23:29:11] File not found yet.
[2026-03-03 23:29:21] File not found yet.
[2026-03-03 23:29:31] File not found yet.
[2026-03-03 23:29:41] File not found yet.
[2026-03-03 23:29:51] File not found yet.
[2026-03-03 23:30:01] File not found yet.
[2026-03-03 23:30:11] File not found yet.
[2026-03-03 23:30:21] File not found yet.
[2026-03-03 23:30:31] File not found yet.
[2026-03-03 23:30:41] File not found yet.
[2026-03-03 23:30:51] File not found yet.
[2026-03-03 23:31:01] File not found yet.
[2026-03-03 23:31:12] File not found yet.
[2026-03-03 23:31:24] File not found yet.
[2026-03-03 23:31:37] File not found yet.
[2026-03-03 23:31:48] File not found yet.
[2026-03-03 23:31:58] File not found yet.
[2026-03-03 23:32:09] File not found yet.
[2026-03-03 23:32:19] File not found yet.
[2026-03-03 23:32:29] File not found yet.
[2026-03-03 23:32:39] File not found yet.
[2026-03-03 23:32:49] File not found yet.
[2026-03-03 23:32:59] File not found yet.
[2026-03-03 23:33:09] File not found yet.
[2026-03-03 23:33:19] File not found yet.
[2026-03-03 23:33:29] File not found yet.
[2026-03-03 23:33:39] File not found yet.
[2026-03-03 23:33:49] File not found yet.
[2026-03-03 23:33:59] File not found yet.
[2026-03-03 23:34:09] File not found yet.
[2026-03-03 23:34:19] File not found yet.
[2026-03-03 23:34:29] File not found yet.
[2026-03-03 23:34:39] File not found yet.
[2026-03-03 23:34:49] File not found yet.
[2026-03-03 23:34:59] File not found yet.
[2026-03-03 23:35:09] File not found yet.
[2026-03-03 23:35:19] File not found yet.
[2026-03-03 23:35:29] File not found yet.
[2026-03-03 23:35:39] File not found yet.
[2026-03-03 23:35:49] File not found yet.
[2026-03-03 23:35:59] File not found yet.
[2026-03-03 23:36:09] File not found yet.
[2026-03-03 23:36:19] File not found yet.
[2026-03-03 23:36:29] File not found yet.
[2026-03-03 23:36:39] File not found yet.
[2026-03-03 23:36:49] File not found yet.
[2026-03-03 23:36:59] File not found yet.
[2026-03-03 23:37:09] File not found yet.
[2026-03-03 23:37:19] File not found yet.
[2026-03-03 23:37:29] File not found yet.
[2026-03-03 23:37:39] File not found yet.
[2026-03-03 23:37:49] File not found yet.
[2026-03-03 23:37:59] File not found yet.
[2026-03-03 23:38:09] File not found yet.
[2026-03-03 23:38:19] File not found yet.
[2026-03-03 23:38:29] File not found yet.
[2026-03-03 23:38:39] File not found yet.
[2026-03-03 23:38:49] File not found yet.
[2026-03-03 23:38:59] File not found yet.
[2026-03-03 23:39:09] File not found yet.
[2026-03-03 23:39:19] File not found yet.
[2026-03-03 23:39:29] File not found yet.
[2026-03-03 23:39:39] File not found yet.
[2026-03-03 23:39:49] File not found yet.
[2026-03-03 23:39:59] File not found yet.
[2026-03-03 23:40:09] File not found yet.
[2026-03-03 23:40:19] File not found yet.
[2026-03-03 23:40:30] File not found yet.
[2026-03-03 23:40:40] File not found yet.
[2026-03-03 23:40:50] File not found yet.
[2026-03-03 23:41:00] File not found yet.
[2026-03-03 23:41:10] File not found yet.
[2026-03-03 23:41:20] File not found yet.
[2026-03-03 23:41:30] File not found yet.
[2026-03-03 23:41:40] File not found yet.
[2026-03-03 23:41:50] File not found yet.
[2026-03-03 23:42:00] File not found yet.
[2026-03-03 23:42:10] File not found yet.
[2026-03-03 23:42:20] File not found yet.
[2026-03-03 23:42:30] File not found yet.
[2026-03-03 23:42:40] File not found yet.
[2026-03-03 23:42:50] File not found yet.
[2026-03-03 23:43:00] File not found yet.
[2026-03-03 23:43:10] File not found yet.
[2026-03-03 23:43:20] File not found yet.
[2026-03-03 23:43:30] File not found yet.
[2026-03-03 23:43:40] File not found yet.
[2026-03-03 23:43:50] File not found yet.
[2026-03-03 23:44:00] File not found yet.
[2026-03-03 23:44:10] File not found yet.
[2026-03-03 23:44:20] File not found yet.
[2026-03-03 23:44:30] File not found yet.
[2026-03-03 23:44:40] File not found yet.
[2026-03-03 23:44:50] File not found yet.
[2026-03-03 23:45:00] File not found yet.
[2026-03-03 23:45:10] File not found yet.
[2026-03-03 23:45:20] File not found yet.
[2026-03-03 23:45:30] File not found yet.
[2026-03-03 23:45:40] File not found yet.
[2026-03-03 23:45:50] File not found yet.
[2026-03-03 23:46:00] File not found yet.
[2026-03-03 23:46:10] File not found yet.
[2026-03-03 23:46:20] File not found yet.
[2026-03-03 23:46:30] File not found yet.
[2026-03-03 23:46:40] File not found yet.
[2026-03-03 23:46:50] File not found yet.
[2026-03-03 23:47:00] File not found yet.
[2026-03-03 23:47:10] File not found yet.
[2026-03-03 23:47:20] File not found yet.
[2026-03-03 23:47:30] File not found yet.
[2026-03-03 23:47:40] File not found yet.
[2026-03-03 23:47:50] File not found yet.
[2026-03-03 23:48:00] File not found yet.
[2026-03-03 23:48:10] File not found yet.
[2026-03-03 23:48:20] File not found yet.
[2026-03-03 23:48:30] File not found yet.
[2026-03-03 23:48:40] File not found yet.
[2026-03-03 23:48:50] File not found yet.
[2026-03-03 23:49:00] File not found yet.
[2026-03-03 23:49:10] File not found yet.
[2026-03-03 23:49:20] File not found yet.
[2026-03-03 23:49:30] File not found yet.
[2026-03-03 23:49:40] File not found yet.
[2026-03-03 23:49:50] File not found yet.
[2026-03-03 23:50:00] File not found yet.
[2026-03-03 23:50:10] File not found yet.
[2026-03-03 23:50:20] File not found yet.
[2026-03-03 23:50:30] File not found yet.
[2026-03-03 23:50:40] File not found yet.
[2026-03-03 23:50:50] File not found yet.
[2026-03-03 23:51:00] File not found yet.
[2026-03-03 23:51:10] File not found yet.
[2026-03-03 23:51:20] File not found yet.
[2026-03-03 23:51:30] File not found yet.
[2026-03-03 23:51:41] File not found yet.
[2026-03-03 23:51:51] File not found yet.
[2026-03-03 23:52:01] File not found yet.
[2026-03-03 23:52:11] File not found yet.
[2026-03-03 23:52:21] File not found yet.
[2026-03-03 23:52:31] File not found yet.
[2026-03-03 23:52:41] File not found yet.
[2026-03-03 23:52:51] File not found yet.
[2026-03-03 23:53:01] File not found yet.
[2026-03-03 23:53:11] File not found yet.
[2026-03-03 23:53:21] File not found yet.
[2026-03-03 23:53:31] File not found yet.
[2026-03-03 23:53:41] File not found yet.
[2026-03-03 23:53:51] File not found yet.
[2026-03-03 23:54:01] File not found yet.
[2026-03-03 23:54:11] File not found yet.
[2026-03-03 23:54:21] File not found yet.
[2026-03-03 23:54:31] File not found yet.
[2026-03-03 23:54:41] File not found yet.
[2026-03-03 23:54:51] File not found yet.
[2026-03-03 23:55:01] File not found yet.
[2026-03-03 23:55:11] File not found yet.
[2026-03-03 23:55:21] File not found yet.
[2026-03-03 23:55:31] File not found yet.
[2026-03-03 23:55:41] File not found yet.
[2026-03-03 23:55:51] File not found yet.
[2026-03-03 23:56:01] File not found yet.
[2026-03-03 23:56:11] File not found yet.
[2026-03-03 23:56:21] File not found yet.
[2026-03-03 23:56:31] File not found yet.
[2026-03-03 23:56:41] File not found yet.
[2026-03-03 23:56:51] File not found yet.
[2026-03-03 23:57:01] File not found yet.
[2026-03-03 23:57:11] File not found yet.
[2026-03-03 23:57:21] File not found yet.
[2026-03-03 23:57:31] File not found yet.
[2026-03-03 23:57:41] File not found yet.
[2026-03-03 23:57:51] File not found yet.
[2026-03-03 23:58:01] File not found yet.
[2026-03-03 23:58:11] File not found yet.
[2026-03-03 23:58:21] File not found yet.
[2026-03-03 23:58:31] File not found yet.
[2026-03-03 23:58:41] File not found yet.
[2026-03-03 23:58:51] File not found yet.
[2026-03-03 23:59:01] File not found yet.
[2026-03-03 23:59:11] File not found yet.
[2026-03-03 23:59:21] File not found yet.
[2026-03-03 23:59:33] File not found yet.
[2026-03-03 23:59:43] File not found yet.
[2026-03-03 23:59:53] File not found yet.
[2026-03-04 00:00:03] File not found yet.
[2026-03-04 00:00:13] File not found yet.
[2026-03-04 00:00:23] File not found yet.
[2026-03-04 00:00:33] File not found yet.
[2026-03-04 00:00:43] File not found yet.
[2026-03-04 00:00:53] File not found yet.
[2026-03-04 00:01:03] File not found yet.
[2026-03-04 00:01:13] File not found yet.
[2026-03-04 00:01:23] File not found yet.
[2026-03-04 00:01:33] File not found yet.
[2026-03-04 00:01:43] File not found yet.
[2026-03-04 00:01:53] File not found yet.
[2026-03-04 00:02:03] File not found yet.
[2026-03-04 00:02:13] File not found yet.
[2026-03-04 00:02:23] File not found yet.
[2026-03-04 00:02:33] File not found yet.
[2026-03-04 00:02:43] File not found yet.
[2026-03-04 00:02:53] File not found yet.
[2026-03-04 00:03:03] File not found yet.
[2026-03-04 00:03:13] File not found yet.
[2026-03-04 00:03:23] File not found yet.
[2026-03-04 00:03:33] File not found yet.
[2026-03-04 00:03:43] File not found yet.
[2026-03-04 00:03:53] File not found yet.
[2026-03-04 00:04:03] File not found yet.
[2026-03-04 00:04:13] File not found yet.
[2026-03-04 00:04:23] File not found yet.
[2026-03-04 00:04:33] File not found yet.
[2026-03-04 00:04:43] File not found yet.
[2026-03-04 00:04:53] File not found yet.
[2026-03-04 00:05:03] File not found yet.
[2026-03-04 00:05:13] File not found yet.
[2026-03-04 00:05:23] File not found yet.
[2026-03-04 00:05:33] File not found yet.
[2026-03-04 00:05:43] File not found yet.
[2026-03-04 00:05:53] File not found yet.
[2026-03-04 00:06:03] File not found yet.
[2026-03-04 00:06:13] File not found yet.
[2026-03-04 00:06:23] File not found yet.
[2026-03-04 00:06:33] File not found yet.
[2026-03-04 00:06:43] File not found yet.
[2026-03-04 00:06:53] File not found yet.
[2026-03-04 00:07:03] File not found yet.
[2026-03-04 00:07:13] File not found yet.
[2026-03-04 00:07:23] File not found yet.
[2026-03-04 00:07:33] File not found yet.
[2026-03-04 00:07:48] File not found yet.
[2026-03-04 00:07:58] File not found yet.
[2026-03-04 00:08:08] File not found yet.
[2026-03-04 00:08:18] File not found yet.
[2026-03-04 00:08:28] File not found yet.
[2026-03-04 00:08:38] File not found yet.
[2026-03-04 00:08:48] File not found yet.
[2026-03-04 00:08:59] File not found yet.
[2026-03-04 00:09:09] File not found yet.
[2026-03-04 00:09:19] File not found yet.
[2026-03-04 00:09:30] File not found yet.
[2026-03-04 00:09:42] File not found yet.
[2026-03-04 00:09:54] File not found yet.
[2026-03-04 00:10:06] File not found yet.
[2026-03-04 00:10:17] File not found yet.
[2026-03-04 00:10:27] File not found yet.
[2026-03-04 00:10:37] File not found yet.
[2026-03-04 00:10:47] File not found yet.
[2026-03-04 00:10:57] File not found yet.
[2026-03-04 00:11:07] File not found yet.
[2026-03-04 00:11:17] File not found yet.
[2026-03-04 00:11:27] File not found yet.
[2026-03-04 00:11:37] File not found yet.
[2026-03-04 00:11:47] File not found yet.
[2026-03-04 00:11:57] File not found yet.
[2026-03-04 00:12:07] File not found yet.
[2026-03-04 00:12:19] File not found yet.
[2026-03-04 00:12:29] File not found yet.
[2026-03-04 00:12:39] File not found yet.
[2026-03-04 00:12:49] File not found yet.
[2026-03-04 00:12:59] File not found yet.
[2026-03-04 00:13:09] File not found yet.
[2026-03-04 00:13:19] File not found yet.
[2026-03-04 00:13:32] File not found yet.
[2026-03-04 00:13:42] File not found yet.
[2026-03-04 00:13:53] File not found yet.
[2026-03-04 00:14:03] File not found yet.
[2026-03-04 00:14:13] File not found yet.
[2026-03-04 00:14:23] File not found yet.
[2026-03-04 00:14:33] File not found yet.
[2026-03-04 00:14:43] File not found yet.
[2026-03-04 00:14:53] File not found yet.
[2026-03-04 00:15:03] File not found yet.
[2026-03-04 00:15:13] File not found yet.
[2026-03-04 00:15:23] File not found yet.
[2026-03-04 00:15:33] File not found yet.
[2026-03-04 00:15:43] File not found yet.
[2026-03-04 00:15:53] File not found yet.
[2026-03-04 00:16:03] File not found yet.
[2026-03-04 00:16:13] File not found yet.
[2026-03-04 00:16:23] File not found yet.
[2026-03-04 00:16:33] File not found yet.
[2026-03-04 00:16:43] File not found yet.
[2026-03-04 00:16:53] File not found yet.
[2026-03-04 00:17:03] File not found yet.
[2026-03-04 00:17:13] File not found yet.
[2026-03-04 00:17:23] File not found yet.
[2026-03-04 00:17:33] File not found yet.
[2026-03-04 00:17:43] File not found yet.
[2026-03-04 00:17:53] File not found yet.
[2026-03-04 00:18:03] File not found yet.
[2026-03-04 00:18:13] File not found yet.
[2026-03-04 00:18:23] File not found yet.
[2026-03-04 00:18:33] File not found yet.
[2026-03-04 00:18:43] File not found yet.
[2026-03-04 00:18:53] File not found yet.
[2026-03-04 00:19:03] File not found yet.
[2026-03-04 00:19:13] File not found yet.
[2026-03-04 00:19:23] File not found yet.
[2026-03-04 00:19:33] File not found yet.
[2026-03-04 00:19:43] File not found yet.
[2026-03-04 00:19:53] File not found yet.
[2026-03-04 00:20:03] File not found yet.
[2026-03-04 00:20:13] File not found yet.
[2026-03-04 00:20:23] File not found yet.
[2026-03-04 00:20:33] File not found yet.
[2026-03-04 00:20:43] File not found yet.
[2026-03-04 00:20:53] File not found yet.
[2026-03-04 00:21:03] File not found yet.
[2026-03-04 00:21:13] File not found yet.
[2026-03-04 00:21:23] File not found yet.
[2026-03-04 00:21:33] File not found yet.
[2026-03-04 00:21:43] File not found yet.
[2026-03-04 00:21:53] File not found yet.
[2026-03-04 00:22:03] File not found yet.
[2026-03-04 00:22:13] File not found yet.
[2026-03-04 00:22:23] File not found yet.
[2026-03-04 00:22:33] File not found yet.
[2026-03-04 00:22:43] File not found yet.
[2026-03-04 00:22:53] File not found yet.
[2026-03-04 00:23:03] File not found yet.
[2026-03-04 00:23:13] File not found yet.
[2026-03-04 00:23:23] File not found yet.
[2026-03-04 00:23:33] File not found yet.
[2026-03-04 00:23:43] File not found yet.
[2026-03-04 00:23:53] File not found yet.
[2026-03-04 00:24:03] File not found yet.
[2026-03-04 00:24:13] File not found yet.
[2026-03-04 00:24:23] File not found yet.
[2026-03-04 00:24:33] File not found yet.
[2026-03-04 00:24:43] File not found yet.
[2026-03-04 00:24:54] File not found yet.
[2026-03-04 00:25:04] File not found yet.
[2026-03-04 00:25:14] File not found yet.
[2026-03-04 00:25:24] File not found yet.
[2026-03-04 00:25:34] File not found yet.
[2026-03-04 00:25:44] File not found yet.
[2026-03-04 00:25:54] File not found yet.
[2026-03-04 00:26:04] File not found yet.
[2026-03-04 00:26:14] File not found yet.
[2026-03-04 00:26:24] File not found yet.
[2026-03-04 00:26:34] File not found yet.
[2026-03-04 00:26:44] File not found yet.
[2026-03-04 00:26:54] File not found yet.
[2026-03-04 00:27:04] File not found yet.
[2026-03-04 00:27:14] File not found yet.
[2026-03-04 00:27:24] File not found yet.
[2026-03-04 00:27:34] File not found yet.
[2026-03-04 00:27:44] File not found yet.
[2026-03-04 00:27:54] File not found yet.
[2026-03-04 00:28:04] File not found yet.
[2026-03-04 00:28:14] File not found yet.
[2026-03-04 00:28:24] File not found yet.
[2026-03-04 00:28:34] File not found yet.
[2026-03-04 00:28:44] File not found yet.
[2026-03-04 00:28:54] File not found yet.
[2026-03-04 00:29:04] File not found yet.
[2026-03-04 00:29:14] File not found yet.
[2026-03-04 00:29:24] File not found yet.
[2026-03-04 00:29:34] File not found yet.
[2026-03-04 00:29:44] File not found yet.
[2026-03-04 00:29:54] File not found yet.
[2026-03-04 00:30:04] File not found yet.
[2026-03-04 00:30:14] File not found yet.
[2026-03-04 00:30:24] File not found yet.
[2026-03-04 00:30:34] File not found yet.
[2026-03-04 00:30:44] File not found yet.
[2026-03-04 00:30:54] File not found yet.
[2026-03-04 00:31:04] File not found yet.
[2026-03-04 00:31:14] File not found yet.
[2026-03-04 00:31:24] File not found yet.
[2026-03-04 00:31:34] File not found yet.
[2026-03-04 00:31:44] File not found yet.
[2026-03-04 00:31:54] File not found yet.
[2026-03-04 00:32:04] File not found yet.
[2026-03-04 00:32:14] File not found yet.
[2026-03-04 00:32:24] File not found yet.
[2026-03-04 00:32:34] File not found yet.
[2026-03-04 00:32:44] File not found yet.
[2026-03-04 00:32:54] File not found yet.
[2026-03-04 00:33:04] File not found yet.
[2026-03-04 00:33:14] File not found yet.
[2026-03-04 00:33:24] File not found yet.
[2026-03-04 00:33:34] File not found yet.
[2026-03-04 00:33:44] File not found yet.
[2026-03-04 00:33:54] File not found yet.
[2026-03-04 00:34:04] File not found yet.
[2026-03-04 00:34:14] File not found yet.
[2026-03-04 00:34:24] File not found yet.
[2026-03-04 00:34:34] File not found yet.
[2026-03-04 00:34:44] File not found yet.
[2026-03-04 00:34:54] File not found yet.
[2026-03-04 00:35:04] File not found yet.
[2026-03-04 00:35:14] File not found yet.
[2026-03-04 00:35:24] File not found yet.
[2026-03-04 00:35:34] File not found yet.
[2026-03-04 00:35:45] File not found yet.
[2026-03-04 00:35:55] File not found yet.
[2026-03-04 00:36:05] File not found yet.
[2026-03-04 00:36:15] File not found yet.
[2026-03-04 00:36:25] File not found yet.
[2026-03-04 00:36:35] File not found yet.
[2026-03-04 00:36:45] File not found yet.
[2026-03-04 00:36:55] File not found yet.
[2026-03-04 00:37:05] File not found yet.
[2026-03-04 00:37:15] File not found yet.
[2026-03-04 00:37:25] File not found yet.
[2026-03-04 00:37:35] File not found yet.
[2026-03-04 00:37:45] File not found yet.
[2026-03-04 00:37:55] File not found yet.
[2026-03-04 00:38:05] File not found yet.
[2026-03-04 00:38:15] File not found yet.
[2026-03-04 00:38:29] File not found yet.
[2026-03-04 00:38:39] File not found yet.
[2026-03-04 00:38:49] File not found yet.
[2026-03-04 00:38:59] File not found yet.
[2026-03-04 00:39:09] File not found yet.
[2026-03-04 00:39:19] File not found yet.
[2026-03-04 00:39:29] File not found yet.
[2026-03-04 00:39:39] File not found yet.
[2026-03-04 00:39:49] File not found yet.
[2026-03-04 00:39:59] File not found yet.
[2026-03-04 00:40:09] File not found yet.
[2026-03-04 00:40:19] File not found yet.
[2026-03-04 00:40:29] File not found yet.
[2026-03-04 00:40:39] File not found yet.
[2026-03-04 00:40:49] File not found yet.
[2026-03-04 00:40:59] File not found yet.
[2026-03-04 00:41:09] File not found yet.
[2026-03-04 00:41:19] File not found yet.
[2026-03-04 00:41:29] File not found yet.
[2026-03-04 00:41:39] File not found yet.
[2026-03-04 00:41:49] File not found yet.
[2026-03-04 00:41:59] File not found yet.
[2026-03-04 00:42:09] File not found yet.
[2026-03-04 00:42:19] File not found yet.
[2026-03-04 00:42:29] File not found yet.
[2026-03-04 00:42:39] File not found yet.
[2026-03-04 00:42:49] File not found yet.
[2026-03-04 00:42:59] File not found yet.
[2026-03-04 00:43:09] File not found yet.
[2026-03-04 00:43:19] File not found yet.
[2026-03-04 00:43:29] File not found yet.
[2026-03-04 00:43:39] File not found yet.
[2026-03-04 00:43:49] File not found yet.
[2026-03-04 00:43:59] File not found yet.
[2026-03-04 00:44:09] File not found yet.
[2026-03-04 00:44:20] File not found yet.
[2026-03-04 00:44:30] File not found yet.
[2026-03-04 00:44:40] File not found yet.
[2026-03-04 00:44:50] File not found yet.
[2026-03-04 00:45:00] File not found yet.
[2026-03-04 00:45:10] File not found yet.
[2026-03-04 00:45:20] File not found yet.
[2026-03-04 00:45:30] File not found yet.
[2026-03-04 00:45:40] File not found yet.
[2026-03-04 00:45:50] File not found yet.
[2026-03-04 00:46:00] File not found yet.
[2026-03-04 00:46:10] File not found yet.
[2026-03-04 00:46:20] File not found yet.
[2026-03-04 00:46:30] File not found yet.
[2026-03-04 00:46:40] File not found yet.
[2026-03-04 00:46:50] File not found yet.
[2026-03-04 00:47:00] File not found yet.
[2026-03-04 00:47:10] File not found yet.
[2026-03-04 00:47:20] File not found yet.
[2026-03-04 00:47:31] File not found yet.
[2026-03-04 00:47:41] File not found yet.
[2026-03-04 00:47:52] File not found yet.
[2026-03-04 00:48:04] File not found yet.
[2026-03-04 00:48:15] File not found yet.
[2026-03-04 00:48:26] File not found yet.
[2026-03-04 00:48:36] File not found yet.
[2026-03-04 00:48:46] File not found yet.
[2026-03-04 00:48:56] File not found yet.
[2026-03-04 00:49:06] File not found yet.
[2026-03-04 00:49:16] File not found yet.
[2026-03-04 00:49:26] File not found yet.
[2026-03-04 00:49:36] File not found yet.
[2026-03-04 00:49:46] File not found yet.
[2026-03-04 00:49:56] File not found yet.
[2026-03-04 00:50:06] File not found yet.
[2026-03-04 00:50:16] File not found yet.
[2026-03-04 00:50:26] File not found yet.
[2026-03-04 00:50:36] File not found yet.
[2026-03-04 00:50:46] File not found yet.
[2026-03-04 00:50:56] File not found yet.
[2026-03-04 00:51:06] File not found yet.
[2026-03-04 00:51:16] File not found yet.
[2026-03-04 00:51:26] File not found yet.
[2026-03-04 00:51:36] File not found yet.
[2026-03-04 00:51:46] File not found yet.
[2026-03-04 00:51:56] File not found yet.
[2026-03-04 00:52:06] File not found yet.
[2026-03-04 00:52:16] File not found yet.
[2026-03-04 00:52:26] File not found yet.
[2026-03-04 00:52:36] File not found yet.
[2026-03-04 00:52:46] File not found yet.
[2026-03-04 00:52:56] File not found yet.
[2026-03-04 00:53:06] File not found yet.
[2026-03-04 00:53:16] File not found yet.
[2026-03-04 00:53:26] File not found yet.
[2026-03-04 00:53:37] File not found yet.
[2026-03-04 00:53:47] File not found yet.
[2026-03-04 00:53:57] File not found yet.
[2026-03-04 00:54:07] File not found yet.
[2026-03-04 00:54:17] File not found yet.
[2026-03-04 00:54:27] File not found yet.
[2026-03-04 00:54:37] File not found yet.
[2026-03-04 00:54:47] File not found yet.
[2026-03-04 00:54:57] File not found yet.
[2026-03-04 00:55:07] File not found yet.
[2026-03-04 00:55:17] File not found yet.
[2026-03-04 00:55:27] File not found yet.
[2026-03-04 00:55:37] File not found yet.
[2026-03-04 00:55:47] File not found yet.
[2026-03-04 00:55:57] File not found yet.
[2026-03-04 00:56:07] File not found yet.
[2026-03-04 00:56:17] File not found yet.
[2026-03-04 00:56:27] File not found yet.
[2026-03-04 00:56:37] File not found yet.
[2026-03-04 00:56:47] File not found yet.
[2026-03-04 00:56:57] File not found yet.
[2026-03-04 00:57:07] File not found yet.
[2026-03-04 00:57:17] File not found yet.
[2026-03-04 00:57:27] File not found yet.
[2026-03-04 00:57:37] File not found yet.
[2026-03-04 00:57:47] File not found yet.
[2026-03-04 00:57:57] File not found yet.
[2026-03-04 00:58:07] File not found yet.
[2026-03-04 00:58:17] File not found yet.
[2026-03-04 00:58:27] File not found yet.
[2026-03-04 00:58:37] File not found yet.
[2026-03-04 00:58:47] File not found yet.
[2026-03-04 00:58:57] File not found yet.
[2026-03-04 00:59:07] File not found yet.
[2026-03-04 00:59:17] File not found yet.
[2026-03-04 00:59:27] File not found yet.
[2026-03-04 00:59:37] File not found yet.
[2026-03-04 00:59:47] File not found yet.
[2026-03-04 00:59:57] File not found yet.
[2026-03-04 01:00:07] File not found yet.
[2026-03-04 01:00:17] File not found yet.
[2026-03-04 01:00:27] File not found yet.
[2026-03-04 01:00:37] File not found yet.
[2026-03-04 01:00:47] File not found yet.
[2026-03-04 01:00:57] File not found yet.
[2026-03-04 01:01:07] File not found yet.
[2026-03-04 01:01:17] File not found yet.
[2026-03-04 01:01:27] File not found yet.
[2026-03-04 01:01:37] File not found yet.
[2026-03-04 01:01:47] File not found yet.
[2026-03-04 01:01:57] File not found yet.
[2026-03-04 01:02:07] File not found yet.
[2026-03-04 01:02:17] File not found yet.
[2026-03-04 01:02:27] File not found yet.
[2026-03-04 01:02:37] File not found yet.
[2026-03-04 01:02:47] File not found yet.
[2026-03-04 01:02:57] File not found yet.
[2026-03-04 01:03:07] File not found yet.
[2026-03-04 01:03:17] File not found yet.
[2026-03-04 01:03:28] File not found yet.
[2026-03-04 01:03:38] File not found yet.
[2026-03-04 01:03:48] File not found yet.
[2026-03-04 01:03:58] File not found yet.
[2026-03-04 01:04:08] File not found yet.
[2026-03-04 01:04:18] File not found yet.
[2026-03-04 01:04:28] File not found yet.
[2026-03-04 01:04:38] File not found yet.
[2026-03-04 01:04:48] File not found yet.
[2026-03-04 01:04:58] File not found yet.
[2026-03-04 01:05:08] File not found yet.
[2026-03-04 01:05:18] File not found yet.
[2026-03-04 01:05:28] File not found yet.
[2026-03-04 01:05:38] File not found yet.
[2026-03-04 01:05:48] File not found yet.
[2026-03-04 01:05:58] File not found yet.
[2026-03-04 01:06:08] File not found yet.
[2026-03-04 01:06:18] File not found yet.
[2026-03-04 01:06:28] File not found yet.
[2026-03-04 01:06:38] File not found yet.
[2026-03-04 01:06:48] File not found yet.
[2026-03-04 01:06:58] File not found yet.
[2026-03-04 01:07:08] File not found yet.
[2026-03-04 01:07:18] File not found yet.
[2026-03-04 01:07:28] File not found yet.
[2026-03-04 01:07:38] File not found yet.
[2026-03-04 01:07:48] File not found yet.
[2026-03-04 01:07:58] File not found yet.
[2026-03-04 01:08:08] File not found yet.
[2026-03-04 01:08:18] File not found yet.
[2026-03-04 01:08:28] File not found yet.
[2026-03-04 01:08:38] File not found yet.
[2026-03-04 01:08:48] File not found yet.
[2026-03-04 01:08:58] File not found yet.
[2026-03-04 01:09:08] File not found yet.
[2026-03-04 01:09:18] File not found yet.
[2026-03-04 01:09:28] File not found yet.
[2026-03-04 01:09:38] File not found yet.
[2026-03-04 01:09:48] File not found yet.
[2026-03-04 01:09:58] File not found yet.
[2026-03-04 01:10:08] File not found yet.
[2026-03-04 01:10:18] File not found yet.
[2026-03-04 01:10:28] File not found yet.
[2026-03-04 01:10:38] File not found yet.
[2026-03-04 01:10:48] File not found yet.
[2026-03-04 01:10:58] File not found yet.
[2026-03-04 01:11:08] File not found yet.
[2026-03-04 01:11:18] File not found yet.
[2026-03-04 01:11:28] File not found yet.
[2026-03-04 01:11:38] File not found yet.
[2026-03-04 01:11:48] File not found yet.
[2026-03-04 01:11:58] File not found yet.
[2026-03-04 01:12:08] File not found yet.
[2026-03-04 01:12:18] File not found yet.
[2026-03-04 01:12:28] File not found yet.
[2026-03-04 01:12:38] File not found yet.
[2026-03-04 01:12:48] File not found yet.
[2026-03-04 01:12:58] File not found yet.
[2026-03-04 01:13:08] File not found yet.
[2026-03-04 01:13:18] File not found yet.
[2026-03-04 01:13:28] File not found yet.
[2026-03-04 01:13:38] File not found yet.
[2026-03-04 01:13:48] File not found yet.
[2026-03-04 01:13:58] File not found yet.
[2026-03-04 01:14:08] File not found yet.
[2026-03-04 01:14:18] File not found yet.
[2026-03-04 01:14:28] File not found yet.
[2026-03-04 01:14:38] File not found yet.
[2026-03-04 01:14:48] File not found yet.
[2026-03-04 01:14:59] File not found yet.
[2026-03-04 01:15:09] File not found yet.
[2026-03-04 01:15:19] File not found yet.
[2026-03-04 01:15:29] File not found yet.
[2026-03-04 01:15:39] File not found yet.
[2026-03-04 01:15:49] File not found yet.
[2026-03-04 01:15:59] File not found yet.
[2026-03-04 01:16:09] File not found yet.
[2026-03-04 01:16:19] File not found yet.
[2026-03-04 01:16:29] File not found yet.
[2026-03-04 01:16:39] File not found yet.
[2026-03-04 01:16:49] File not found yet.
[2026-03-04 01:16:59] File not found yet.
[2026-03-04 01:17:09] File not found yet.
[2026-03-04 01:17:19] File not found yet.
[2026-03-04 01:17:29] File not found yet.
[2026-03-04 01:17:39] File not found yet.
[2026-03-04 01:17:49] File not found yet.
[2026-03-04 01:17:59] File not found yet.
[2026-03-04 01:18:09] File not found yet.
[2026-03-04 01:18:19] File not found yet.
[2026-03-04 01:18:29] File not found yet.
[2026-03-04 01:18:39] File not found yet.
[2026-03-04 01:18:49] File not found yet.
[2026-03-04 01:19:05] File not found yet.
[2026-03-04 01:19:15] File not found yet.
[2026-03-04 01:19:25] File not found yet.
[2026-03-04 01:19:35] File not found yet.
[2026-03-04 01:19:45] File not found yet.
[2026-03-04 01:19:55] File not found yet.
[2026-03-04 01:20:05] File not found yet.
[2026-03-04 01:20:16] File not found yet.
[2026-03-04 01:20:26] File not found yet.
[2026-03-04 01:20:36] File not found yet.
[2026-03-04 01:20:46] File not found yet.
[2026-03-04 01:20:56] File not found yet.
[2026-03-04 01:21:06] File not found yet.
[2026-03-04 01:21:16] File not found yet.
[2026-03-04 01:21:29] File not found yet.
[2026-03-04 01:21:39] File not found yet.
[2026-03-04 01:21:49] File not found yet.
[2026-03-04 01:21:59] File not found yet.
[2026-03-04 01:22:09] File not found yet.
[2026-03-04 01:22:19] File not found yet.
[2026-03-04 01:22:29] File not found yet.
[2026-03-04 01:22:39] File not found yet.
[2026-03-04 01:22:49] File not found yet.
[2026-03-04 01:22:59] File not found yet.
[2026-03-04 01:23:09] File not found yet.
[2026-03-04 01:23:19] File not found yet.
[2026-03-04 01:23:30] File not found yet.
[2026-03-04 01:23:40] File not found yet.
[2026-03-04 01:23:50] File not found yet.
[2026-03-04 01:24:00] File not found yet.
[2026-03-04 01:24:10] File not found yet.
[2026-03-04 01:24:20] File not found yet.
[2026-03-04 01:24:30] File not found yet.
[2026-03-04 01:24:40] File not found yet.
[2026-03-04 01:24:50] File not found yet.
[2026-03-04 01:25:00] File not found yet.
[2026-03-04 01:25:10] File not found yet.
[2026-03-04 01:25:20] File not found yet.
[2026-03-04 01:25:30] File not found yet.
[2026-03-04 01:25:40] File not found yet.
[2026-03-04 01:25:50] File not found yet.
[2026-03-04 01:26:00] File not found yet.
[2026-03-04 01:26:10] File not found yet.
[2026-03-04 01:26:20] File not found yet.
[2026-03-04 01:26:30] File not found yet.
[2026-03-04 01:26:40] File not found yet.
[2026-03-04 01:26:51] File not found yet.
[2026-03-04 01:27:01] File not found yet.
[2026-03-04 01:27:11] File not found yet.
[2026-03-04 01:27:21] File not found yet.
[2026-03-04 01:27:31] File not found yet.
[2026-03-04 01:27:41] File not found yet.
[2026-03-04 01:27:53] File not found yet.
[2026-03-04 01:28:03] File not found yet.
[2026-03-04 01:28:13] File not found yet.
[2026-03-04 01:28:23] File not found yet.
[2026-03-04 01:28:33] File not found yet.
[2026-03-04 01:28:43] File not found yet.
[2026-03-04 01:28:53] File not found yet.
[2026-03-04 01:29:03] File not found yet.
[2026-03-04 01:29:13] File not found yet.
[2026-03-04 01:29:23] File not found yet.
[2026-03-04 01:29:33] File not found yet.
[2026-03-04 01:29:43] File not found yet.
[2026-03-04 01:29:56] File not found yet.
[2026-03-04 01:30:06] File not found yet.
[2026-03-04 01:30:16] File not found yet.
[2026-03-04 01:30:31] File not found yet.
[2026-03-04 01:30:41] File not found yet.
[2026-03-04 01:30:51] File not found yet.
[2026-03-04 01:31:01] File not found yet.
[2026-03-04 01:31:12] File not found yet.
[2026-03-04 01:31:22] File not found yet.
[2026-03-04 01:31:32] File not found yet.
[2026-03-04 01:31:43] File not found yet.
[2026-03-04 01:31:53] File not found yet.
[2026-03-04 01:32:03] File not found yet.
[2026-03-04 01:32:13] File not found yet.
[2026-03-04 01:32:23] File not found yet.
[2026-03-04 01:32:33] File not found yet.
[2026-03-04 01:32:43] File not found yet.
[2026-03-04 01:32:53] File not found yet.
[2026-03-04 01:33:03] File not found yet.
[2026-03-04 01:33:13] File not found yet.
[2026-03-04 01:33:23] File not found yet.
[2026-03-04 01:33:33] File not found yet.
[2026-03-04 01:33:43] File not found yet.
[2026-03-04 01:33:53] File not found yet.
[2026-03-04 01:34:03] File not found yet.
[2026-03-04 01:34:13] File not found yet.
[2026-03-04 01:34:23] File not found yet.
[2026-03-04 01:34:33] File not found yet.
[2026-03-04 01:34:43] File not found yet.
[2026-03-04 01:34:53] File not found yet.
[2026-03-04 01:35:03] File not found yet.
[2026-03-04 01:35:13] File not found yet.
[2026-03-04 01:35:23] File not found yet.
[2026-03-04 01:35:33] File not found yet.
[2026-03-04 01:35:43] File not found yet.
[2026-03-04 01:35:53] File not found yet.
[2026-03-04 01:36:03] File not found yet.
[2026-03-04 01:36:13] File not found yet.
[2026-03-04 01:36:23] File not found yet.
[2026-03-04 01:36:33] File not found yet.
[2026-03-04 01:36:43] File not found yet.
[2026-03-04 01:36:53] File not found yet.
[2026-03-04 01:37:03] File not found yet.
[2026-03-04 01:37:13] File not found yet.
[2026-03-04 01:37:23] File not found yet.
[2026-03-04 01:37:33] File not found yet.
[2026-03-04 01:37:43] File not found yet.
[2026-03-04 01:37:53] File not found yet.
[2026-03-04 01:38:03] File not found yet.
[2026-03-04 01:38:13] File not found yet.
[2026-03-04 01:38:23] File not found yet.
[2026-03-04 01:38:33] File not found yet.
[2026-03-04 01:38:43] File not found yet.
[2026-03-04 01:38:53] File not found yet.
[2026-03-04 01:39:03] File not found yet.
[2026-03-04 01:39:13] File not found yet.
[2026-03-04 01:39:23] File not found yet.
[2026-03-04 01:39:33] File not found yet.
[2026-03-04 01:39:43] File not found yet.
[2026-03-04 01:39:53] File not found yet.
[2026-03-04 01:40:03] File not found yet.
[2026-03-04 01:40:13] File not found yet.
[2026-03-04 01:40:23] File not found yet.
[2026-03-04 01:40:33] File not found yet.
[2026-03-04 01:40:43] File not found yet.
[2026-03-04 01:40:53] File not found yet.
[2026-03-04 01:41:03] File not found yet.
[2026-03-04 01:41:13] File not found yet.
[2026-03-04 01:41:23] File not found yet.
[2026-03-04 01:41:33] File not found yet.
[2026-03-04 01:41:43] File not found yet.
[2026-03-04 01:41:53] File not found yet.
[2026-03-04 01:42:03] File not found yet.
[2026-03-04 01:42:13] File not found yet.
[2026-03-04 01:42:23] File not found yet.
[2026-03-04 01:42:34] File not found yet.
[2026-03-04 01:42:44] File not found yet.
[2026-03-04 01:42:54] File not found yet.
[2026-03-04 01:43:04] File not found yet.
[2026-03-04 01:43:14] File not found yet.
[2026-03-04 01:43:24] File not found yet.
[2026-03-04 01:43:34] File not found yet.
[2026-03-04 01:43:44] File not found yet.
[2026-03-04 01:43:54] File not found yet.
[2026-03-04 01:44:04] File not found yet.
[2026-03-04 01:44:14] File not found yet.
[2026-03-04 01:44:24] File not found yet.
[2026-03-04 01:44:34] File not found yet.
[2026-03-04 01:44:44] File not found yet.
[2026-03-04 01:44:54] File not found yet.
[2026-03-04 01:45:04] File not found yet.
[2026-03-04 01:45:14] File not found yet.
[2026-03-04 01:45:24] File not found yet.
[2026-03-04 01:45:34] File not found yet.
[2026-03-04 01:45:44] File not found yet.
[2026-03-04 01:45:54] File not found yet.
[2026-03-04 01:46:04] File not found yet.
[2026-03-04 01:46:14] File not found yet.
[2026-03-04 01:46:24] File not found yet.
[2026-03-04 01:46:34] File not found yet.
[2026-03-04 01:46:44] File not found yet.
[2026-03-04 01:46:54] File not found yet.
[2026-03-04 01:47:04] File not found yet.
[2026-03-04 01:47:14] File not found yet.
[2026-03-04 01:47:24] File not found yet.
[2026-03-04 01:47:34] File not found yet.
[2026-03-04 01:47:44] File not found yet.
[2026-03-04 01:47:54] File not found yet.
[2026-03-04 01:48:04] File not found yet.
[2026-03-04 01:48:14] File not found yet.
[2026-03-04 01:48:24] File not found yet.
[2026-03-04 01:48:34] File not found yet.
[2026-03-04 01:48:44] File not found yet.
[2026-03-04 01:48:54] File not found yet.
[2026-03-04 01:49:04] File not found yet.
[2026-03-04 01:49:18] File not found yet.
[2026-03-04 01:49:28] File not found yet.
[2026-03-04 01:49:38] File not found yet.
[2026-03-04 01:49:48] File not found yet.
[2026-03-04 01:49:58] File not found yet.
[2026-03-04 01:50:08] File not found yet.
[2026-03-04 01:50:18] File not found yet.
[2026-03-04 01:50:28] File not found yet.
[2026-03-04 01:50:38] File not found yet.
[2026-03-04 01:50:48] File not found yet.
[2026-03-04 01:50:58] File not found yet.
[2026-03-04 01:51:08] File not found yet.
[2026-03-04 01:51:18] File not found yet.
[2026-03-04 01:51:28] File not found yet.
[2026-03-04 01:51:38] File not found yet.
[2026-03-04 01:51:48] File not found yet.
[2026-03-04 01:51:58] File not found yet.
[2026-03-04 01:52:08] File not found yet.
[2026-03-04 01:52:18] File not found yet.
[2026-03-04 01:52:28] File not found yet.
[2026-03-04 01:52:38] File not found yet.
[2026-03-04 01:52:48] File not found yet.
[2026-03-04 01:52:58] File not found yet.
[2026-03-04 01:53:08] File not found yet.
[2026-03-04 01:53:18] File not found yet.
[2026-03-04 01:53:28] File not found yet.
[2026-03-04 01:53:38] File not found yet.
[2026-03-04 01:53:48] File not found yet.
[2026-03-04 01:53:58] File not found yet.
[2026-03-04 01:54:08] File not found yet.
[2026-03-04 01:54:18] File not found yet.
[2026-03-04 01:54:28] File not found yet.
[2026-03-04 01:54:38] File not found yet.
[2026-03-04 01:54:48] File not found yet.
[2026-03-04 01:54:58] File not found yet.
[2026-03-04 01:55:08] File not found yet.
[2026-03-04 01:55:18] File not found yet.
[2026-03-04 01:55:28] File not found yet.
[2026-03-04 01:55:38] File not found yet.
[2026-03-04 01:55:48] File not found yet.
[2026-03-04 01:55:58] File not found yet.
[2026-03-04 01:56:08] File not found yet.
[2026-03-04 01:56:20] File not found yet.
[2026-03-04 01:56:30] File not found yet.
[2026-03-04 01:56:40] File not found yet.
[2026-03-04 01:56:50] File not found yet.
[2026-03-04 01:57:00] File not found yet.
[2026-03-04 01:57:10] File not found yet.
[2026-03-04 01:57:20] File not found yet.
[2026-03-04 01:57:30] File not found yet.
[2026-03-04 01:57:40] File not found yet.
[2026-03-04 01:57:50] File not found yet.
[2026-03-04 01:58:01] File not found yet.
[2026-03-04 01:58:11] File not found yet.
[2026-03-04 01:58:21] File not found yet.
[2026-03-04 01:58:31] File not found yet.
[2026-03-04 01:58:41] File not found yet.
[2026-03-04 01:58:53] File not found yet.
[2026-03-04 01:59:03] File not found yet.
[2026-03-04 01:59:14] File not found yet.
[2026-03-04 01:59:24] File not found yet.
[2026-03-04 01:59:34] File not found yet.
[2026-03-04 01:59:44] File not found yet.
[2026-03-04 01:59:54] File not found yet.
[2026-03-04 02:00:04] File not found yet.
[2026-03-04 02:00:14] File not found yet.
[2026-03-04 02:00:24] File not found yet.
[2026-03-04 02:00:34] File not found yet.
[2026-03-04 02:00:44] File not found yet.
[2026-03-04 02:00:57] File not found yet.
[2026-03-04 02:01:07] File not found yet.
[2026-03-04 02:01:17] File not found yet.
[2026-03-04 02:01:27] File not found yet.
[2026-03-04 02:01:37] File not found yet.
[2026-03-04 02:01:47] File not found yet.
[2026-03-04 02:01:57] File not found yet.
[2026-03-04 02:02:07] File not found yet.
[2026-03-04 02:02:17] File not found yet.
[2026-03-04 02:02:30] File not found yet.
[2026-03-04 02:02:40] File not found yet.
[2026-03-04 02:02:50] File not found yet.
[2026-03-04 02:03:00] File not found yet.
[2026-03-04 02:03:10] File not found yet.
[2026-03-04 02:03:20] File not found yet.
[2026-03-04 02:03:30] File not found yet.
[2026-03-04 02:03:40] File not found yet.
[2026-03-04 02:03:50] File not found yet.
[2026-03-04 02:04:00] File not found yet.
[2026-03-04 02:04:10] File not found yet.
[2026-03-04 02:04:20] File not found yet.
[2026-03-04 02:04:30] File not found yet.
[2026-03-04 02:04:40] File not found yet.
[2026-03-04 02:04:50] File not found yet.
[2026-03-04 02:05:00] File not found yet.
[2026-03-04 02:05:10] File not found yet.
[2026-03-04 02:05:20] File not found yet.
[2026-03-04 02:05:30] File not found yet.
[2026-03-04 02:05:40] File not found yet.
[2026-03-04 02:05:51] File not found yet.
[2026-03-04 02:06:01] File not found yet.
[2026-03-04 02:06:11] File not found yet.
[2026-03-04 02:06:21] File not found yet.
[2026-03-04 02:06:31] File not found yet.
[2026-03-04 02:06:41] File not found yet.
[2026-03-04 02:06:51] File not found yet.
[2026-03-04 02:07:01] File not found yet.
[2026-03-04 02:07:11] File not found yet.
[2026-03-04 02:07:21] File not found yet.
[2026-03-04 02:07:31] File not found yet.
[2026-03-04 02:07:41] File not found yet.
[2026-03-04 02:07:51] File not found yet.
[2026-03-04 02:08:01] File not found yet.
[2026-03-04 02:08:11] File not found yet.
[2026-03-04 02:08:21] File not found yet.
[2026-03-04 02:08:31] File not found yet.
[2026-03-04 02:08:41] File not found yet.
[2026-03-04 02:08:51] File not found yet.
[2026-03-04 02:09:01] File not found yet.
[2026-03-04 02:09:11] File not found yet.
[2026-03-04 02:09:21] File not found yet.
[2026-03-04 02:09:31] File not found yet.
[2026-03-04 02:09:41] File not found yet.
[2026-03-04 02:09:51] File not found yet.
[2026-03-04 02:10:01] File not found yet.
[2026-03-04 02:10:11] File not found yet.
[2026-03-04 02:10:21] File not found yet.
[2026-03-04 02:10:31] File not found yet.
[2026-03-04 02:10:41] File not found yet.
[2026-03-04 02:10:51] File not found yet.
[2026-03-04 02:11:01] File not found yet.
[2026-03-04 02:11:11] File not found yet.
[2026-03-04 02:11:21] File not found yet.
[2026-03-04 02:11:31] File not found yet.
[2026-03-04 02:11:41] File not found yet.
[2026-03-04 02:11:51] File not found yet.
[2026-03-04 02:12:01] File not found yet.
[2026-03-04 02:12:11] File not found yet.
[2026-03-04 02:12:21] File not found yet.
[2026-03-04 02:12:31] File not found yet.
[2026-03-04 02:12:41] File not found yet.
[2026-03-04 02:12:51] File not found yet.
[2026-03-04 02:13:01] File not found yet.
[2026-03-04 02:13:11] File not found yet.
[2026-03-04 02:13:21] File not found yet.
[2026-03-04 02:13:31] File not found yet.
[2026-03-04 02:13:41] File not found yet.
[2026-03-04 02:13:51] File not found yet.
[2026-03-04 02:14:01] File not found yet.
[2026-03-04 02:14:11] File not found yet.
[2026-03-04 02:14:21] File not found yet.
[2026-03-04 02:14:31] File not found yet.
[2026-03-04 02:14:41] File not found yet.
[2026-03-04 02:14:51] File not found yet.
[2026-03-04 02:15:01] File not found yet.
[2026-03-04 02:15:11] File not found yet.
[2026-03-04 02:15:21] File not found yet.
[2026-03-04 02:15:31] File not found yet.
[2026-03-04 02:15:41] File not found yet.
[2026-03-04 02:15:51] File not found yet.
[2026-03-04 02:16:01] File not found yet.
[2026-03-04 02:16:11] File not found yet.
[2026-03-04 02:16:21] File not found yet.
[2026-03-04 02:16:31] File not found yet.
[2026-03-04 02:16:41] File not found yet.
[2026-03-04 02:16:51] File not found yet.
[2026-03-04 02:17:01] File not found yet.
[2026-03-04 02:17:11] File not found yet.
[2026-03-04 02:17:21] File not found yet.
[2026-03-04 02:17:32] File not found yet.
[2026-03-04 02:17:42] File not found yet.
[2026-03-04 02:17:52] File not found yet.
[2026-03-04 02:18:02] File not found yet.
[2026-03-04 02:18:12] File not found yet.
[2026-03-04 02:18:22] File not found yet.
[2026-03-04 02:18:32] File not found yet.
[2026-03-04 02:18:42] File not found yet.
[2026-03-04 02:18:52] File not found yet.
[2026-03-04 02:19:02] File not found yet.
[2026-03-04 02:19:12] File not found yet.
[2026-03-04 02:19:22] File not found yet.
[2026-03-04 02:19:32] File not found yet.
[2026-03-04 02:19:42] File not found yet.
[2026-03-04 02:19:52] File not found yet.
[2026-03-04 02:20:02] File not found yet.
[2026-03-04 02:20:12] File not found yet.
[2026-03-04 02:20:22] File not found yet.
[2026-03-04 02:20:32] File not found yet.
[2026-03-04 02:20:42] File not found yet.
[2026-03-04 02:20:52] File not found yet.
[2026-03-04 02:21:02] File not found yet.
[2026-03-04 02:21:12] File not found yet.
[2026-03-04 02:21:22] File not found yet.
[2026-03-04 02:21:32] File not found yet.
[2026-03-04 02:21:42] File not found yet.
[2026-03-04 02:21:52] File not found yet.
[2026-03-04 02:22:02] File not found yet.
[2026-03-04 02:22:12] File not found yet.
[2026-03-04 02:22:22] File not found yet.
[2026-03-04 02:22:32] File not found yet.
[2026-03-04 02:22:42] File not found yet.
[2026-03-04 02:22:52] File not found yet.
[2026-03-04 02:23:02] File not found yet.
[2026-03-04 02:23:12] File not found yet.
[2026-03-04 02:23:22] File not found yet.
[2026-03-04 02:23:32] File not found yet.
[2026-03-04 02:23:42] File not found yet.
[2026-03-04 02:23:52] File not found yet.
[2026-03-04 02:24:02] File not found yet.
[2026-03-04 02:24:12] File not found yet.
[2026-03-04 02:24:22] File not found yet.
[2026-03-04 02:24:32] File not found yet.
[2026-03-04 02:24:42] File not found yet.
[2026-03-04 02:24:52] File not found yet.
[2026-03-04 02:25:02] File not found yet.
[2026-03-04 02:25:12] File not found yet.
[2026-03-04 02:25:22] File not found yet.
[2026-03-04 02:25:32] File not found yet.
[2026-03-04 02:25:42] File not found yet.
[2026-03-04 02:25:52] File not found yet.
[2026-03-04 02:26:02] File not found yet.
[2026-03-04 02:26:12] File not found yet.
[2026-03-04 02:26:22] File not found yet.
[2026-03-04 02:26:32] File not found yet.
[2026-03-04 02:26:42] File not found yet.
[2026-03-04 02:26:52] File not found yet.
[2026-03-04 02:27:02] File not found yet.
[2026-03-04 02:27:12] File not found yet.
[2026-03-04 02:27:22] File not found yet.
[2026-03-04 02:27:32] File not found yet.
[2026-03-04 02:27:42] File not found yet.
[2026-03-04 02:27:52] File not found yet.
[2026-03-04 02:28:03] File not found yet.
[2026-03-04 02:28:13] File not found yet.
[2026-03-04 02:28:23] File not found yet.
[2026-03-04 02:28:33] File not found yet.
[2026-03-04 02:28:43] File not found yet.
[2026-03-04 02:28:53] File not found yet.
[2026-03-04 02:29:03] File not found yet.
[2026-03-04 02:29:13] File not found yet.
[2026-03-04 02:29:23] File not found yet.
[2026-03-04 02:29:33] File not found yet.
[2026-03-04 02:29:43] File not found yet.
[2026-03-04 02:29:53] File not found yet.
[2026-03-04 02:30:03] File not found yet.
[2026-03-04 02:30:13] File not found yet.
[2026-03-04 02:30:23] File not found yet.
[2026-03-04 02:30:33] File not found yet.
[2026-03-04 02:30:43] File not found yet.
[2026-03-04 02:30:53] File not found yet.
[2026-03-04 02:31:03] File not found yet.
[2026-03-04 02:31:13] File not found yet.
[2026-03-04 02:31:23] File not found yet.
[2026-03-04 02:31:33] File not found yet.
[2026-03-04 02:31:43] File not found yet.
[2026-03-04 02:31:53] File not found yet.
[2026-03-04 02:32:03] File not found yet.
[2026-03-04 02:32:13] File not found yet.
[2026-03-04 02:32:23] File not found yet.
[2026-03-04 02:32:33] File not found yet.
[2026-03-04 02:32:43] File not found yet.
[2026-03-04 02:32:53] File not found yet.
[2026-03-04 02:33:03] File not found yet.
[2026-03-04 02:33:13] File not found yet.
[2026-03-04 02:33:23] File not found yet.
[2026-03-04 02:33:33] File not found yet.
[2026-03-04 02:33:43] File not found yet.
[2026-03-04 02:33:53] File not found yet.
[2026-03-04 02:34:03] File not found yet.
[2026-03-04 02:34:13] File not found yet.
[2026-03-04 02:34:23] File not found yet.
[2026-03-04 02:34:33] File not found yet.
[2026-03-04 02:34:43] File not found yet.
[2026-03-04 02:34:53] File not found yet.
[2026-03-04 02:35:03] File not found yet.
[2026-03-04 02:35:13] File not found yet.
[2026-03-04 02:35:23] File not found yet.
[2026-03-04 02:35:33] File not found yet.
[2026-03-04 02:35:43] File not found yet.
[2026-03-04 02:35:53] File not found yet.
[2026-03-04 02:36:03] File not found yet.
[2026-03-04 02:36:13] File not found yet.
[2026-03-04 02:36:23] File not found yet.
[2026-03-04 02:36:33] File not found yet.
[2026-03-04 02:36:43] File not found yet.
[2026-03-04 02:36:53] File not found yet.
[2026-03-04 02:37:03] File not found yet.
[2026-03-04 02:37:13] File not found yet.
[2026-03-04 02:37:23] File not found yet.
[2026-03-04 02:37:33] File not found yet.
[2026-03-04 02:37:43] File not found yet.
[2026-03-04 02:37:53] File not found yet.
[2026-03-04 02:38:03] File not found yet.
[2026-03-04 02:38:13] File not found yet.
[2026-03-04 02:38:23] File not found yet.
[2026-03-04 02:38:33] File not found yet.
[2026-03-04 02:38:43] File not found yet.
[2026-03-04 02:38:53] File not found yet.
[2026-03-04 02:39:03] File not found yet.
[2026-03-04 02:39:13] File not found yet.
[2026-03-04 02:39:23] File not found yet.
[2026-03-04 02:39:33] File not found yet.
[2026-03-04 02:39:43] File not found yet.
[2026-03-04 02:39:54] File not found yet.
[2026-03-04 02:40:04] File not found yet.
[2026-03-04 02:40:14] File not found yet.
[2026-03-04 02:40:24] File not found yet.
[2026-03-04 02:40:34] File not found yet.
[2026-03-04 02:40:44] File not found yet.
[2026-03-04 02:40:54] File not found yet.
[2026-03-04 02:41:04] File not found yet.
[2026-03-04 02:41:14] File not found yet.
[2026-03-04 02:41:24] File not found yet.
[2026-03-04 02:41:34] File not found yet.
[2026-03-04 02:41:44] File not found yet.
[2026-03-04 02:41:54] File not found yet.
[2026-03-04 02:42:04] File not found yet.
[2026-03-04 02:42:18] File not found yet.
[2026-03-04 02:42:28] File not found yet.
[2026-03-04 02:42:41] File not found yet.
[2026-03-04 02:42:51] File not found yet.
[2026-03-04 02:43:01] File not found yet.
[2026-03-04 02:43:11] File not found yet.
[2026-03-04 02:43:21] File not found yet.
[2026-03-04 02:43:31] File not found yet.
[2026-03-04 02:43:41] File not found yet.
[2026-03-04 02:43:51] File not found yet.
[2026-03-04 02:44:01] File not found yet.
[2026-03-04 02:44:11] File not found yet.
[2026-03-04 02:44:22] File not found yet.
[2026-03-04 02:44:32] File not found yet.
[2026-03-04 02:44:42] File not found yet.
[2026-03-04 02:44:52] File not found yet.
[2026-03-04 02:45:02] File not found yet.
[2026-03-04 02:45:12] File not found yet.
[2026-03-04 02:45:27] File not found yet.
[2026-03-04 02:45:37] File not found yet.
[2026-03-04 02:45:47] File not found yet.
[2026-03-04 02:45:57] File not found yet.
[2026-03-04 02:46:07] File not found yet.
[2026-03-04 02:46:17] File not found yet.
[2026-03-04 02:46:27] File not found yet.
[2026-03-04 02:46:37] File not found yet.
[2026-03-04 02:46:47] File not found yet.
[2026-03-04 02:46:57] File not found yet.
[2026-03-04 02:47:07] File not found yet.
[2026-03-04 02:47:17] File not found yet.
[2026-03-04 02:47:27] File not found yet.
[2026-03-04 02:47:37] File not found yet.
[2026-03-04 02:47:47] File not found yet.
[2026-03-04 02:47:57] File not found yet.
[2026-03-04 02:48:07] File not found yet.
[2026-03-04 02:48:17] File not found yet.
[2026-03-04 02:48:27] File not found yet.
[2026-03-04 02:48:37] File not found yet.
[2026-03-04 02:48:47] File not found yet.
[2026-03-04 02:48:57] File not found yet.
[2026-03-04 02:49:07] File not found yet.
[2026-03-04 02:49:17] File not found yet.
[2026-03-04 02:49:27] File not found yet.
[2026-03-04 02:49:37] File not found yet.
[2026-03-04 02:49:47] File not found yet.
[2026-03-04 02:49:57] File not found yet.
[2026-03-04 02:50:07] File not found yet.
[2026-03-04 02:50:17] File not found yet.
[2026-03-04 02:50:27] File not found yet.
[2026-03-04 02:50:37] File not found yet.
[2026-03-04 02:50:47] File not found yet.
[2026-03-04 02:50:57] File not found yet.
[2026-03-04 02:51:07] File not found yet.
[2026-03-04 02:51:17] File not found yet.
[2026-03-04 02:51:27] File not found yet.
[2026-03-04 02:51:37] File not found yet.
[2026-03-04 02:51:47] File not found yet.
[2026-03-04 02:51:57] File not found yet.
[2026-03-04 02:52:07] File not found yet.
[2026-03-04 02:52:17] File not found yet.
[2026-03-04 02:52:27] File not found yet.
[2026-03-04 02:52:37] File not found yet.
[2026-03-04 02:52:47] File not found yet.
[2026-03-04 02:52:57] File not found yet.
[2026-03-04 02:53:07] File not found yet.
[2026-03-04 02:53:17] File not found yet.
[2026-03-04 02:53:27] File not found yet.
[2026-03-04 02:53:37] File not found yet.
[2026-03-04 02:53:47] File not found yet.
[2026-03-04 02:53:57] File not found yet.
[2026-03-04 02:54:07] File not found yet.
[2026-03-04 02:54:17] File not found yet.
[2026-03-04 02:54:27] File not found yet.
[2026-03-04 02:54:37] File not found yet.
[2026-03-04 02:54:47] File not found yet.
[2026-03-04 02:54:57] File not found yet.
[2026-03-04 02:55:07] File not found yet.
[2026-03-04 02:55:17] File not found yet.
[2026-03-04 02:55:27] File not found yet.
[2026-03-04 02:55:37] File not found yet.
[2026-03-04 02:55:48] File not found yet.
[2026-03-04 02:55:58] File not found yet.
[2026-03-04 02:56:08] File not found yet.
[2026-03-04 02:56:18] File not found yet.
[2026-03-04 02:56:28] File not found yet.
[2026-03-04 02:56:38] File not found yet.
[2026-03-04 02:56:48] File not found yet.
[2026-03-04 02:56:58] File not found yet.
[2026-03-04 02:57:08] File not found yet.
[2026-03-04 02:57:18] File not found yet.
[2026-03-04 02:57:28] File not found yet.
[2026-03-04 02:57:38] File not found yet.
[2026-03-04 02:57:48] File not found yet.
[2026-03-04 02:57:58] File not found yet.
[2026-03-04 02:58:08] File not found yet.
[2026-03-04 02:58:18] File not found yet.
[2026-03-04 02:58:28] File not found yet.
[2026-03-04 02:58:38] File not found yet.
[2026-03-04 02:58:48] File not found yet.
[2026-03-04 02:58:58] File not found yet.
[2026-03-04 02:59:08] File not found yet.
[2026-03-04 02:59:18] File not found yet.
[2026-03-04 02:59:28] File not found yet.
[2026-03-04 02:59:38] File not found yet.
[2026-03-04 02:59:48] File not found yet.
[2026-03-04 02:59:58] File not found yet.
[2026-03-04 03:00:08] File not found yet.
[2026-03-04 03:00:18] File not found yet.
[2026-03-04 03:00:28] File not found yet.
[2026-03-04 03:00:38] File not found yet.
[2026-03-04 03:00:48] File not found yet.
[2026-03-04 03:00:58] File not found yet.
[2026-03-04 03:01:08] File not found yet.
[2026-03-04 03:01:18] File not found yet.
[2026-03-04 03:01:28] File not found yet.
[2026-03-04 03:01:38] File not found yet.
[2026-03-04 03:01:48] File not found yet.
[2026-03-04 03:01:58] File not found yet.
[2026-03-04 03:02:08] File not found yet.
[2026-03-04 03:02:18] File not found yet.
[2026-03-04 03:02:28] File not found yet.
[2026-03-04 03:02:38] File not found yet.
[2026-03-04 03:02:48] File not found yet.
[2026-03-04 03:02:58] File not found yet.
[2026-03-04 03:03:08] File not found yet.
[2026-03-04 03:03:18] File not found yet.
[2026-03-04 03:03:28] File not found yet.
[2026-03-04 03:03:38] File not found yet.
[2026-03-04 03:03:48] File not found yet.
[2026-03-04 03:03:58] File not found yet.
[2026-03-04 03:04:08] File not found yet.
[2026-03-04 03:04:18] File not found yet.
[2026-03-04 03:04:28] File not found yet.
[2026-03-04 03:04:38] File not found yet.
[2026-03-04 03:04:48] File not found yet.
[2026-03-04 03:04:58] File not found yet.
[2026-03-04 03:05:08] File not found yet.
[2026-03-04 03:05:18] File not found yet.
[2026-03-04 03:05:28] File not found yet.
[2026-03-04 03:05:38] File not found yet.
[2026-03-04 03:05:48] File not found yet.
[2026-03-04 03:05:58] File not found yet.
[2026-03-04 03:06:08] File not found yet.
[2026-03-04 03:06:19] File not found yet.
[2026-03-04 03:06:29] File not found yet.
[2026-03-04 03:06:39] File not found yet.
[2026-03-04 03:06:49] File not found yet.
[2026-03-04 03:06:59] File not found yet.
[2026-03-04 03:07:09] File not found yet.
[2026-03-04 03:07:19] File not found yet.
[2026-03-04 03:07:29] File not found yet.
[2026-03-04 03:07:39] File not found yet.
[2026-03-04 03:07:49] File not found yet.
[2026-03-04 03:07:59] File not found yet.
[2026-03-04 03:08:09] File not found yet.
[2026-03-04 03:08:19] File not found yet.
[2026-03-04 03:08:29] File not found yet.
[2026-03-04 03:08:39] File not found yet.
[2026-03-04 03:08:49] File not found yet.
[2026-03-04 03:08:59] File not found yet.
[2026-03-04 03:09:11] File not found yet.
[2026-03-04 03:09:21] File not found yet.
[2026-03-04 03:09:31] File not found yet.
[2026-03-04 03:09:41] File not found yet.
[2026-03-04 03:09:51] File not found yet.
[2026-03-04 03:10:01] File not found yet.
[2026-03-04 03:10:11] File not found yet.
[2026-03-04 03:10:21] File not found yet.
[2026-03-04 03:10:31] File not found yet.
[2026-03-04 03:10:41] File not found yet.
[2026-03-04 03:10:51] File not found yet.
[2026-03-04 03:11:01] File not found yet.
[2026-03-04 03:11:11] File not found yet.
[2026-03-04 03:11:21] File not found yet.
[2026-03-04 03:11:31] File not found yet.
[2026-03-04 03:11:41] File not found yet.
[2026-03-04 03:11:52] File not found yet.
[2026-03-04 03:12:02] File not found yet.
[2026-03-04 03:12:12] File not found yet.
[2026-03-04 03:12:22] File not found yet.
[2026-03-04 03:12:32] File not found yet.
[2026-03-04 03:12:42] File not found yet.
[2026-03-04 03:12:52] File not found yet.
[2026-03-04 03:13:02] File not found yet.
[2026-03-04 03:13:12] File not found yet.
[2026-03-04 03:13:22] File not found yet.
[2026-03-04 03:13:32] File not found yet.
[2026-03-04 03:13:42] File not found yet.
[2026-03-04 03:13:52] File not found yet.
[2026-03-04 03:14:02] File not found yet.
[2026-03-04 03:14:12] File not found yet.
[2026-03-04 03:14:22] File not found yet.
[2026-03-04 03:14:32] File not found yet.
[2026-03-04 03:14:42] File not found yet.
[2026-03-04 03:14:54] File not found yet.
[2026-03-04 03:15:04] File not found yet.
[2026-03-04 03:15:17] File not found yet.
[2026-03-04 03:15:27] File not found yet.
[2026-03-04 03:15:37] File not found yet.
[2026-03-04 03:15:47] File not found yet.
[2026-03-04 03:15:58] File not found yet.
[2026-03-04 03:16:08] File not found yet.
[2026-03-04 03:16:18] File not found yet.
[2026-03-04 03:16:28] File not found yet.
[2026-03-04 03:16:38] File not found yet.
[2026-03-04 03:16:48] File not found yet.
[2026-03-04 03:16:58] File not found yet.
[2026-03-04 03:17:08] File not found yet.
[2026-03-04 03:17:18] File not found yet.
[2026-03-04 03:17:28] File not found yet.
[2026-03-04 03:17:38] File not found yet.
[2026-03-04 03:17:48] File not found yet.
[2026-03-04 03:17:58] File not found yet.
[2026-03-04 03:18:08] File not found yet.
[2026-03-04 03:18:18] File not found yet.
[2026-03-04 03:18:28] File not found yet.
[2026-03-04 03:18:38] File not found yet.
[2026-03-04 03:18:48] File not found yet.
[2026-03-04 03:18:58] File not found yet.
[2026-03-04 03:19:08] File not found yet.
[2026-03-04 03:19:19] File not found yet.
[2026-03-04 03:19:29] File not found yet.
[2026-03-04 03:19:39] File not found yet.
[2026-03-04 03:19:49] File not found yet.
[2026-03-04 03:19:59] File not found yet.
[2026-03-04 03:20:09] File not found yet.
[2026-03-04 03:20:19] File not found yet.
[2026-03-04 03:20:29] File not found yet.
[2026-03-04 03:20:39] File not found yet.
[2026-03-04 03:20:49] File not found yet.
[2026-03-04 03:20:59] File not found yet.
[2026-03-04 03:21:09] File not found yet.
[2026-03-04 03:21:19] File not found yet.
[2026-03-04 03:21:29] File not found yet.
[2026-03-04 03:21:39] File not found yet.
[2026-03-04 03:21:49] File not found yet.
[2026-03-04 03:21:59] File not found yet.
[2026-03-04 03:22:09] File not found yet.
[2026-03-04 03:22:19] File not found yet.
[2026-03-04 03:22:29] File not found yet.
[2026-03-04 03:22:39] File not found yet.
[2026-03-04 03:22:49] File not found yet.
[2026-03-04 03:22:59] File not found yet.
[2026-03-04 03:23:09] File not found yet.
[2026-03-04 03:23:19] File not found yet.
[2026-03-04 03:23:29] File not found yet.
[2026-03-04 03:23:39] File not found yet.
[2026-03-04 03:23:49] File not found yet.
[2026-03-04 03:23:59] File not found yet.
[2026-03-04 03:24:09] File not found yet.
[2026-03-04 03:24:19] File not found yet.
[2026-03-04 03:24:29] File not found yet.
[2026-03-04 03:24:39] File not found yet.
[2026-03-04 03:24:49] File not found yet.
[2026-03-04 03:24:59] File not found yet.
[2026-03-04 03:25:09] File not found yet.
[2026-03-04 03:25:19] File not found yet.
[2026-03-04 03:25:29] File not found yet.
[2026-03-04 03:25:39] File not found yet.
[2026-03-04 03:25:49] File not found yet.
[2026-03-04 03:25:59] File not found yet.
[2026-03-04 03:26:09] File not found yet.
[2026-03-04 03:26:19] File not found yet.
[2026-03-04 03:26:29] File not found yet.
[2026-03-04 03:26:39] File not found yet.
[2026-03-04 03:26:49] File not found yet.
[2026-03-04 03:26:59] File not found yet.
[2026-03-04 03:27:09] File not found yet.
[2026-03-04 03:27:19] File not found yet.
[2026-03-04 03:27:29] File not found yet.
[2026-03-04 03:27:39] File not found yet.
[2026-03-04 03:27:49] File not found yet.
[2026-03-04 03:27:59] File not found yet.
[2026-03-04 03:28:09] File not found yet.
[2026-03-04 03:28:19] File not found yet.
[2026-03-04 03:28:29] File not found yet.
[2026-03-04 03:28:39] File not found yet.
[2026-03-04 03:28:49] File not found yet.
[2026-03-04 03:28:59] File not found yet.
[2026-03-04 03:29:09] File not found yet.
[2026-03-04 03:29:19] File not found yet.
[2026-03-04 03:29:29] File not found yet.
[2026-03-04 03:29:39] File not found yet.
[2026-03-04 03:29:49] File not found yet.
[2026-03-04 03:29:59] File not found yet.
[2026-03-04 03:30:10] File not found yet.
[2026-03-04 03:30:20] File not found yet.
[2026-03-04 03:30:30] File not found yet.
[2026-03-04 03:30:40] File not found yet.
[2026-03-04 03:30:50] File not found yet.
[2026-03-04 03:31:00] File not found yet.
[2026-03-04 03:31:10] File not found yet.
[2026-03-04 03:31:20] File not found yet.
[2026-03-04 03:31:30] File not found yet.
[2026-03-04 03:31:40] File not found yet.
[2026-03-04 03:31:50] File not found yet.
[2026-03-04 03:32:00] File not found yet.
[2026-03-04 03:32:10] File not found yet.
[2026-03-04 03:32:20] File not found yet.
[2026-03-04 03:32:30] File not found yet.
[2026-03-04 03:32:40] File not found yet.
[2026-03-04 03:32:50] File not found yet.
[2026-03-04 03:33:00] File not found yet.
[2026-03-04 03:33:10] File not found yet.
[2026-03-04 03:33:20] File not found yet.
[2026-03-04 03:33:30] File not found yet.
[2026-03-04 03:33:40] File not found yet.
[2026-03-04 03:33:50] File not found yet.
[2026-03-04 03:34:00] File not found yet.
[2026-03-04 03:34:10] File not found yet.
[2026-03-04 03:34:20] File not found yet.
[2026-03-04 03:34:30] File not found yet.
[2026-03-04 03:34:40] File not found yet.
[2026-03-04 03:34:50] File not found yet.
[2026-03-04 03:35:00] File not found yet.
[2026-03-04 03:35:10] File not found yet.
[2026-03-04 03:35:20] File not found yet.
[2026-03-04 03:35:30] File not found yet.
[2026-03-04 03:35:40] File not found yet.
[2026-03-04 03:35:50] File not found yet.
[2026-03-04 03:36:00] File not found yet.
[2026-03-04 03:36:10] File not found yet.
[2026-03-04 03:36:20] File not found yet.
[2026-03-04 03:36:30] File not found yet.
[2026-03-04 03:36:40] File not found yet.
[2026-03-04 03:36:50] File not found yet.
[2026-03-04 03:37:00] File not found yet.
[2026-03-04 03:37:10] File not found yet.
[2026-03-04 03:37:20] File not found yet.
[2026-03-04 03:37:30] File not found yet.
[2026-03-04 03:37:40] File not found yet.
[2026-03-04 03:37:50] File not found yet.
[2026-03-04 03:38:00] File not found yet.
[2026-03-04 03:38:10] File not found yet.
[2026-03-04 03:38:20] File not found yet.
[2026-03-04 03:38:30] File not found yet.
[2026-03-04 03:38:40] File not found yet.
[2026-03-04 03:38:50] File not found yet.
[2026-03-04 03:39:00] File not found yet.
[2026-03-04 03:39:10] File not found yet.
[2026-03-04 03:39:20] File not found yet.
[2026-03-04 03:39:30] File not found yet.
[2026-03-04 03:39:40] File not found yet.
[2026-03-04 03:39:50] File not found yet.
[2026-03-04 03:40:00] File not found yet.
[2026-03-04 03:40:10] File not found yet.
[2026-03-04 03:40:20] File not found yet.
[2026-03-04 03:40:31] File not found yet.
[2026-03-04 03:40:41] File not found yet.
[2026-03-04 03:40:51] File not found yet.
[2026-03-04 03:41:01] File not found yet.
[2026-03-04 03:41:11] File not found yet.
[2026-03-04 03:41:21] File not found yet.
[2026-03-04 03:41:31] File not found yet.
[2026-03-04 03:41:41] File not found yet.
[2026-03-04 03:41:51] File not found yet.
[2026-03-04 03:42:01] File not found yet.
[2026-03-04 03:42:11] File not found yet.
[2026-03-04 03:42:21] File not found yet.
[2026-03-04 03:42:31] File not found yet.
[2026-03-04 03:42:41] File not found yet.
[2026-03-04 03:42:51] File not found yet.
[2026-03-04 03:43:01] File not found yet.
[2026-03-04 03:43:11] File not found yet.
[2026-03-04 03:43:21] File not found yet.
[2026-03-04 03:43:32] File not found yet.
[2026-03-04 03:43:42] File not found yet.
[2026-03-04 03:43:52] File not found yet.
[2026-03-04 03:44:02] File not found yet.
[2026-03-04 03:44:12] File not found yet.
[2026-03-04 03:44:22] File not found yet.
[2026-03-04 03:44:32] File not found yet.
[2026-03-04 03:44:42] File not found yet.
[2026-03-04 03:44:52] File not found yet.
[2026-03-04 03:45:02] File not found yet.
[2026-03-04 03:45:12] File not found yet.
[2026-03-04 03:45:22] File not found yet.
[2026-03-04 03:45:32] File not found yet.
[2026-03-04 03:45:42] File not found yet.
[2026-03-04 03:45:52] File not found yet.
[2026-03-04 03:46:02] File not found yet.
[2026-03-04 03:46:12] File not found yet.
[2026-03-04 03:46:22] File not found yet.
[2026-03-04 03:46:32] File not found yet.
[2026-03-04 03:46:42] File not found yet.
[2026-03-04 03:46:52] File not found yet.
[2026-03-04 03:47:02] File not found yet.
[2026-03-04 03:47:12] File not found yet.
[2026-03-04 03:47:22] File not found yet.
[2026-03-04 03:47:32] File not found yet.
[2026-03-04 03:47:42] File not found yet.
[2026-03-04 03:47:52] File not found yet.
[2026-03-04 03:48:02] File not found yet.
[2026-03-04 03:48:12] File not found yet.
[2026-03-04 03:48:23] File not found yet.
[2026-03-04 03:48:33] File not found yet.
[2026-03-04 03:48:43] File not found yet.
[2026-03-04 03:48:53] File not found yet.
[2026-03-04 03:49:03] File not found yet.
[2026-03-04 03:49:13] File not found yet.
[2026-03-04 03:49:23] File not found yet.
[2026-03-04 03:49:33] File not found yet.
[2026-03-04 03:49:43] File not found yet.
[2026-03-04 03:49:57] File not found yet.
[2026-03-04 03:50:07] File not found yet.
[2026-03-04 03:50:17] File not found yet.
[2026-03-04 03:50:27] File not found yet.
[2026-03-04 03:50:37] File not found yet.
[2026-03-04 03:50:47] File not found yet.
[2026-03-04 03:50:57] File not found yet.
[2026-03-04 03:51:07] File not found yet.
[2026-03-04 03:51:17] File not found yet.
[2026-03-04 03:51:27] File not found yet.
[2026-03-04 03:51:37] File not found yet.
[2026-03-04 03:51:47] File not found yet.
[2026-03-04 03:51:57] File not found yet.
[2026-03-04 03:52:07] File not found yet.
[2026-03-04 03:52:17] File not found yet.
[2026-03-04 03:52:27] File not found yet.
[2026-03-04 03:52:37] File not found yet.
[2026-03-04 03:52:47] File not found yet.
[2026-03-04 03:52:57] File not found yet.
[2026-03-04 03:53:07] File not found yet.
[2026-03-04 03:53:18] File not found yet.
[2026-03-04 03:53:28] File not found yet.
[2026-03-04 03:53:38] File not found yet.
[2026-03-04 03:53:48] File not found yet.
[2026-03-04 03:53:58] File not found yet.
[2026-03-04 03:54:10] File not found yet.
[2026-03-04 03:54:20] File not found yet.
[2026-03-04 03:54:30] File not found yet.
[2026-03-04 03:54:40] File not found yet.
[2026-03-04 03:54:50] File not found yet.
[2026-03-04 03:55:00] File not found yet.
[2026-03-04 03:55:10] File not found yet.
[2026-03-04 03:55:20] File not found yet.
[2026-03-04 03:55:30] File not found yet.
[2026-03-04 03:55:40] File not found yet.
[2026-03-04 03:55:50] File not found yet.
[2026-03-04 03:56:00] File not found yet.
[2026-03-04 03:56:10] File not found yet.
[2026-03-04 03:56:20] File not found yet.
[2026-03-04 03:56:30] File not found yet.
[2026-03-04 03:56:40] File not found yet.
[2026-03-04 03:56:50] File not found yet.
[2026-03-04 03:57:00] File not found yet.
[2026-03-04 03:57:10] File not found yet.
[2026-03-04 03:57:20] File not found yet.
[2026-03-04 03:57:30] File not found yet.
[2026-03-04 03:57:40] File not found yet.
[2026-03-04 03:57:50] File not found yet.
[2026-03-04 03:58:00] File not found yet.
[2026-03-04 03:58:10] File not found yet.
[2026-03-04 03:58:20] File not found yet.
[2026-03-04 03:58:30] File not found yet.
[2026-03-04 03:58:40] File not found yet.
[2026-03-04 03:58:50] File not found yet.
[2026-03-04 03:59:00] File not found yet.
[2026-03-04 03:59:10] File not found yet.
[2026-03-04 03:59:20] File not found yet.
[2026-03-04 03:59:30] File not found yet.
[2026-03-04 03:59:40] File not found yet.
[2026-03-04 03:59:50] File not found yet.
[2026-03-04 04:00:00] File not found yet.
[2026-03-04 04:00:10] File not found yet.
[2026-03-04 04:00:20] File not found yet.
[2026-03-04 04:00:30] File not found yet.
[2026-03-04 04:00:40] File not found yet.
[2026-03-04 04:00:50] File not found yet.
[2026-03-04 04:01:00] File not found yet.
[2026-03-04 04:01:10] File not found yet.
[2026-03-04 04:01:20] File not found yet.
[2026-03-04 04:01:30] File not found yet.
[2026-03-04 04:01:40] File not found yet.
[2026-03-04 04:01:50] File not found yet.
[2026-03-04 04:02:00] File not found yet.
[2026-03-04 04:02:10] File not found yet.
[2026-03-04 04:02:20] File not found yet.
[2026-03-04 04:02:31] File not found yet.
[2026-03-04 04:02:41] File not found yet.
[2026-03-04 04:02:51] File not found yet.
[2026-03-04 04:03:01] File not found yet.
[2026-03-04 04:03:11] File not found yet.
[2026-03-04 04:03:21] File not found yet.
[2026-03-04 04:03:31] File not found yet.
[2026-03-04 04:03:41] File not found yet.
[2026-03-04 04:03:51] File not found yet.
[2026-03-04 04:04:01] File not found yet.
[2026-03-04 04:04:11] File not found yet.
[2026-03-04 04:04:21] File not found yet.
[2026-03-04 04:04:31] File not found yet.
[2026-03-04 04:04:41] File not found yet.
[2026-03-04 04:04:51] File not found yet.
[2026-03-04 04:05:01] File not found yet.
[2026-03-04 04:05:11] File not found yet.
[2026-03-04 04:05:21] File not found yet.
[2026-03-04 04:05:31] File not found yet.
[2026-03-04 04:05:41] File not found yet.
[2026-03-04 04:05:51] File not found yet.
[2026-03-04 04:06:01] File not found yet.
[2026-03-04 04:06:11] File not found yet.
[2026-03-04 04:06:21] File not found yet.
[2026-03-04 04:06:31] File not found yet.
[2026-03-04 04:06:41] File not found yet.
[2026-03-04 04:06:51] File not found yet.
[2026-03-04 04:07:01] File not found yet.
[2026-03-04 04:07:11] File not found yet.
[2026-03-04 04:07:21] File not found yet.
[2026-03-04 04:07:31] File not found yet.
[2026-03-04 04:07:41] File not found yet.
[2026-03-04 04:07:51] File not found yet.
[2026-03-04 04:08:01] File not found yet.
[2026-03-04 04:08:11] File not found yet.
[2026-03-04 04:08:21] File not found yet.
[2026-03-04 04:08:31] File not found yet.
[2026-03-04 04:08:41] File not found yet.
[2026-03-04 04:08:51] File not found yet.
[2026-03-04 04:09:01] File not found yet.
[2026-03-04 04:09:11] File not found yet.
[2026-03-04 04:09:21] File not found yet.
[2026-03-04 04:09:31] File not found yet.
[2026-03-04 04:09:41] File not found yet.
[2026-03-04 04:09:51] File not found yet.
[2026-03-04 04:10:01] File not found yet.
[2026-03-04 04:10:11] File not found yet.
[2026-03-04 04:10:21] File not found yet.
[2026-03-04 04:10:31] File not found yet.
[2026-03-04 04:10:42] File not found yet.
[2026-03-04 04:10:52] File not found yet.
[2026-03-04 04:11:02] File not found yet.
[2026-03-04 04:11:12] File not found yet.
[2026-03-04 04:11:22] File not found yet.
[2026-03-04 04:11:32] File not found yet.
[2026-03-04 04:11:42] File not found yet.
[2026-03-04 04:11:52] File not found yet.
[2026-03-04 04:12:02] File not found yet.
[2026-03-04 04:12:12] File not found yet.
[2026-03-04 04:12:22] File not found yet.
[2026-03-04 04:12:32] File not found yet.
[2026-03-04 04:12:42] File not found yet.
[2026-03-04 04:12:52] File not found yet.
[2026-03-04 04:13:02] File not found yet.
[2026-03-04 04:13:12] File not found yet.
[2026-03-04 04:13:22] File not found yet.
[2026-03-04 04:13:32] File not found yet.
[2026-03-04 04:13:42] File not found yet.
[2026-03-04 04:13:52] File not found yet.
[2026-03-04 04:14:02] File not found yet.
[2026-03-04 04:14:12] File not found yet.
[2026-03-04 04:14:22] File not found yet.
[2026-03-04 04:14:32] File not found yet.
[2026-03-04 04:14:42] File not found yet.
[2026-03-04 04:14:52] File not found yet.
[2026-03-04 04:15:02] File not found yet.
[2026-03-04 04:15:13] File not found yet.
[2026-03-04 04:15:23] File not found yet.
[2026-03-04 04:15:33] File not found yet.
[2026-03-04 04:15:43] File not found yet.
[2026-03-04 04:15:53] File not found yet.
[2026-03-04 04:16:03] File not found yet.
[2026-03-04 04:16:13] File not found yet.
[2026-03-04 04:16:23] File not found yet.
[2026-03-04 04:16:33] File not found yet.
[2026-03-04 04:16:43] File not found yet.
[2026-03-04 04:16:53] File not found yet.
[2026-03-04 04:17:03] File not found yet.
[2026-03-04 04:17:13] File not found yet.
[2026-03-04 04:17:23] File not found yet.
[2026-03-04 04:17:33] File not found yet.
[2026-03-04 04:17:43] File not found yet.
[2026-03-04 04:17:53] File not found yet.
[2026-03-04 04:18:03] File not found yet.
[2026-03-04 04:18:13] File not found yet.
[2026-03-04 04:18:23] File not found yet.
[2026-03-04 04:18:33] File not found yet.
[2026-03-04 04:18:43] File not found yet.
[2026-03-04 04:18:54] File not found yet.
[2026-03-04 04:19:04] File not found yet.
[2026-03-04 04:19:14] File not found yet.
[2026-03-04 04:19:24] File not found yet.
[2026-03-04 04:19:34] File not found yet.
[2026-03-04 04:19:44] File not found yet.
[2026-03-04 04:19:54] File not found yet.
[2026-03-04 04:20:04] File not found yet.
[2026-03-04 04:20:14] File not found yet.
[2026-03-04 04:20:24] File not found yet.
[2026-03-04 04:20:34] File not found yet.
[2026-03-04 04:20:44] File not found yet.
[2026-03-04 04:20:54] File not found yet.
[2026-03-04 04:21:04] File not found yet.
[2026-03-04 04:21:14] File not found yet.
[2026-03-04 04:21:24] File not found yet.
[2026-03-04 04:21:34] File not found yet.
[2026-03-04 04:21:44] File not found yet.
[2026-03-04 04:21:54] File not found yet.
[2026-03-04 04:22:04] File not found yet.
[2026-03-04 04:22:14] File not found yet.
[2026-03-04 04:22:24] File not found yet.
[2026-03-04 04:22:34] File not found yet.
[2026-03-04 04:22:44] File not found yet.
[2026-03-04 04:22:54] File not found yet.
[2026-03-04 04:23:04] File not found yet.
[2026-03-04 04:23:18] File not found yet.
[2026-03-04 04:23:28] File not found yet.
[2026-03-04 04:23:38] File not found yet.
[2026-03-04 04:23:48] File not found yet.
[2026-03-04 04:24:00] File not found yet.
[2026-03-04 04:24:12] File not found yet.
[2026-03-04 04:24:22] File not found yet.
[2026-03-04 04:24:32] File not found yet.
[2026-03-04 04:24:42] File not found yet.
[2026-03-04 04:24:52] File not found yet.
[2026-03-04 04:25:02] File not found yet.
[2026-03-04 04:25:12] File not found yet.
[2026-03-04 04:25:22] File not found yet.
[2026-03-04 04:25:32] File not found yet.
[2026-03-04 04:25:42] File not found yet.
[2026-03-04 04:25:52] File not found yet.
[2026-03-04 04:26:02] File not found yet.
[2026-03-04 04:26:12] File not found yet.
[2026-03-04 04:26:22] File not found yet.
[2026-03-04 04:26:32] File not found yet.
[2026-03-04 04:26:42] File not found yet.
[2026-03-04 04:26:52] File not found yet.
[2026-03-04 04:27:02] File not found yet.
[2026-03-04 04:27:14] File not found yet.
[2026-03-04 04:27:24] File not found yet.
[2026-03-04 04:27:34] File not found yet.
[2026-03-04 04:27:44] File not found yet.
[2026-03-04 04:27:54] File not found yet.
[2026-03-04 04:28:04] File not found yet.
[2026-03-04 04:28:14] File not found yet.
[2026-03-04 04:28:24] File not found yet.
[2026-03-04 04:28:34] File not found yet.
[2026-03-04 04:28:44] File not found yet.
[2026-03-04 04:28:54] File not found yet.
[2026-03-04 04:29:04] File not found yet.
[2026-03-04 04:29:14] File not found yet.
[2026-03-04 04:29:24] File not found yet.
[2026-03-04 04:29:34] File not found yet.
[2026-03-04 04:29:44] File not found yet.
[2026-03-04 04:29:54] File not found yet.
[2026-03-04 04:30:04] File not found yet.
[2026-03-04 04:30:14] File not found yet.
[2026-03-04 04:30:24] File not found yet.
[2026-03-04 04:30:34] File not found yet.
[2026-03-04 04:30:44] File not found yet.
[2026-03-04 04:30:54] File not found yet.
[2026-03-04 04:31:04] File not found yet.
[2026-03-04 04:31:14] File not found yet.
[2026-03-04 04:31:24] File not found yet.
[2026-03-04 04:31:34] File not found yet.
[2026-03-04 04:31:44] File not found yet.
[2026-03-04 04:31:54] File not found yet.
[2026-03-04 04:32:04] File not found yet.
[2026-03-04 04:32:14] File changed. size=103010160, lastWriteUtc=2026-03-03T19:32:11.6295454Z
[2026-03-04 04:32:24] File changed. size=306475475, lastWriteUtc=2026-03-03T19:32:11.6295454Z
[2026-03-04 04:32:34] File changed. size=499097866, lastWriteUtc=2026-03-03T19:32:11.6295454Z
[2026-03-04 04:32:44] File changed. size=697561621, lastWriteUtc=2026-03-03T19:32:11.6295454Z
[2026-03-04 04:32:55] File changed. size=894932406, lastWriteUtc=2026-03-03T19:32:11.6295454Z
[2026-03-04 04:33:05] File changed. size=1092156149, lastWriteUtc=2026-03-03T19:32:11.6295454Z
[2026-03-04 04:33:15] File changed. size=1289949542, lastWriteUtc=2026-03-03T19:32:11.6295454Z
[2026-03-04 04:33:25] File changed. size=1493820263, lastWriteUtc=2026-03-03T19:32:11.6295454Z
[2026-03-04 04:33:35] File changed. size=1681455211, lastWriteUtc=2026-03-03T19:32:11.6295454Z
[2026-03-04 04:33:45] File changed. size=1880195559, lastWriteUtc=2026-03-03T19:32:11.6295454Z
[2026-03-04 04:33:55] File changed. size=2085706661, lastWriteUtc=2026-03-03T19:32:11.6295454Z
[2026-03-04 04:34:05] File changed. size=2283615882, lastWriteUtc=2026-03-03T19:32:11.6295454Z
[2026-03-04 04:34:15] File changed. size=2476041820, lastWriteUtc=2026-03-03T19:32:11.6295454Z
[2026-03-04 04:34:25] File changed. size=2674966353, lastWriteUtc=2026-03-03T19:32:11.6295454Z
[2026-03-04 04:34:35] File changed. size=2876248093, lastWriteUtc=2026-03-03T19:32:11.6295454Z
[2026-03-04 04:34:45] File changed. size=3065931595, lastWriteUtc=2026-03-03T19:32:11.6295454Z
[2026-03-04 04:34:55] File changed. size=3265503531, lastWriteUtc=2026-03-03T19:32:11.6295454Z
[2026-03-04 04:35:05] File changed. size=3459129977, lastWriteUtc=2026-03-03T19:32:11.6295454Z
[2026-03-04 04:35:15] File changed. size=3652565272, lastWriteUtc=2026-03-03T19:32:11.6295454Z
[2026-03-04 04:35:25] File changed. size=3850670723, lastWriteUtc=2026-03-03T19:32:11.6295454Z
[2026-03-04 04:35:35] File changed. size=4034797858, lastWriteUtc=2026-03-03T19:32:11.6295454Z
[2026-03-04 04:35:45] File changed. size=4227230647, lastWriteUtc=2026-03-03T19:32:11.6295454Z
[2026-03-04 04:35:55] File changed. size=4417581190, lastWriteUtc=2026-03-03T19:32:11.6295454Z
[2026-03-04 04:36:05] File changed. size=4606960995, lastWriteUtc=2026-03-03T19:32:11.6295454Z
[2026-03-04 04:36:15] File changed. size=4798777017, lastWriteUtc=2026-03-03T19:32:11.6295454Z
[2026-03-04 04:36:25] File changed. size=4996776877, lastWriteUtc=2026-03-03T19:32:11.6295454Z
[2026-03-04 04:36:35] File changed. size=5181352938, lastWriteUtc=2026-03-03T19:32:11.6295454Z
[2026-03-04 04:36:45] File changed. size=5373215621, lastWriteUtc=2026-03-03T19:32:11.6295454Z
[2026-03-04 04:36:55] File changed. size=5559242178, lastWriteUtc=2026-03-03T19:32:11.6295454Z
[2026-03-04 04:37:05] File changed. size=5757538986, lastWriteUtc=2026-03-03T19:32:11.6295454Z
[2026-03-04 04:37:15] File changed. size=5942035926, lastWriteUtc=2026-03-03T19:32:11.6295454Z
[2026-03-04 04:37:25] File changed. size=6096491565, lastWriteUtc=2026-03-03T19:32:11.6295454Z
[2026-03-04 04:37:35] File changed. size=6250978096, lastWriteUtc=2026-03-03T19:32:11.6295454Z
[2026-03-04 04:37:45] File changed. size=6400128509, lastWriteUtc=2026-03-03T19:32:11.6295454Z
[2026-03-04 04:37:55] File changed. size=6552390766, lastWriteUtc=2026-03-03T19:32:11.6295454Z
[2026-03-04 04:38:05] File changed. size=6703591450, lastWriteUtc=2026-03-03T19:32:11.6295454Z
[2026-03-04 04:38:15] File changed. size=6853492928, lastWriteUtc=2026-03-03T19:32:11.6295454Z
[2026-03-04 04:38:25] File changed. size=6965278714, lastWriteUtc=2026-03-03T19:32:11.6295454Z
[2026-03-04 04:38:35] File changed. size=6972670587, lastWriteUtc=2026-03-03T19:32:11.6295454Z
[2026-03-04 04:38:45] File changed. size=7008956815, lastWriteUtc=2026-03-03T19:32:11.6295454Z
[2026-03-04 04:38:55] File changed. size=7043320677, lastWriteUtc=2026-03-03T19:32:11.6295454Z
[2026-03-04 04:39:05] File changed. size=7067646234, lastWriteUtc=2026-03-03T19:32:11.6295454Z
[2026-03-04 04:39:15] File changed. size=7148601322, lastWriteUtc=2026-03-03T19:39:12.0460097Z
[2026-03-04 04:39:26] File changed. size=7148601322, lastWriteUtc=2026-03-03T19:39:14.0906696Z
[2026-03-04 04:39:36] File exists and unchanged: 0/300s (size=7148601322)
[2026-03-04 04:39:46] File exists and unchanged: 10/300s (size=7148601322)
[2026-03-04 04:39:56] File exists and unchanged: 20/300s (size=7148601322)
[2026-03-04 04:40:06] File exists and unchanged: 30/300s (size=7148601322)
[2026-03-04 04:40:16] File exists and unchanged: 40/300s (size=7148601322)
[2026-03-04 04:40:26] File exists and unchanged: 50/300s (size=7148601322)
[2026-03-04 04:40:36] File exists and unchanged: 60/300s (size=7148601322)
[2026-03-04 04:40:46] File exists and unchanged: 70/300s (size=7148601322)
[2026-03-04 04:40:56] File exists and unchanged: 80/300s (size=7148601322)
[2026-03-04 04:41:06] File exists and unchanged: 90/300s (size=7148601322)
[2026-03-04 04:41:16] File exists and unchanged: 100/300s (size=7148601322)
[2026-03-04 04:41:26] File exists and unchanged: 110/300s (size=7148601322)
[2026-03-04 04:41:36] File exists and unchanged: 120/300s (size=7148601322)
[2026-03-04 04:41:46] File exists and unchanged: 130/300s (size=7148601322)
[2026-03-04 04:41:56] File exists and unchanged: 140/300s (size=7148601322)
[2026-03-04 04:42:06] File exists and unchanged: 150/300s (size=7148601322)
[2026-03-04 04:42:16] File exists and unchanged: 160/300s (size=7148601322)
[2026-03-04 04:42:26] File exists and unchanged: 170/300s (size=7148601322)
[2026-03-04 04:42:36] File exists and unchanged: 180/300s (size=7148601322)
[2026-03-04 04:42:46] File exists and unchanged: 190/300s (size=7148601322)
[2026-03-04 04:42:56] File exists and unchanged: 201/300s (size=7148601322)
[2026-03-04 04:43:06] File exists and unchanged: 211/300s (size=7148601322)
[2026-03-04 04:43:16] File exists and unchanged: 221/300s (size=7148601322)
[2026-03-04 04:43:26] File exists and unchanged: 231/300s (size=7148601322)
[2026-03-04 04:43:36] File exists and unchanged: 241/300s (size=7148601322)
[2026-03-04 04:43:46] File exists and unchanged: 251/300s (size=7148601322)
[2026-03-04 04:43:56] File exists and unchanged: 261/300s (size=7148601322)
[2026-03-04 04:44:06] File exists and unchanged: 271/300s (size=7148601322)
[2026-03-04 04:44:16] File exists and unchanged: 281/300s (size=7148601322)
[2026-03-04 04:44:26] File exists and unchanged: 291/300s (size=7148601322)
[2026-03-04 04:44:36] File exists and unchanged: 301/300s (size=7148601322)
[2026-03-04 04:44:36] File is stable.
[2026-03-04 04:44:36] CascadeTorch run attempt 1/3
[2026-03-04 04:44:36] Running CascadeTorch script: R:\code\CascadeTorch\Demo scripts\Demo_predict_1pMCRI_allcells.py
